id,name,weight,kcal,protein,lipids,carbs
1,Ajonjolí,10,61,2.7,5.7,1.0
2,Ajonjolí tostado,13,75,2.2,6.3,3.4
3,Almendra,12,66,2.7,6.6,0.5
4,Almendra acaramelada,12,72,2.2,6,3.4
5,Almendra ahumada,12,71,2.6,6.4,2.1
6,Almendra deshidratada,12,71,2.4,6.3,2.4
7,Almendra fileteada,12,72,2.5,6.5,2.2
8,Almendra picada,10,62,2.1,5.2,1.8
9,Almendra tostada,12,71,2.0,6.3,3.0
10,Almond joy,16,80,0.7,4.3,9.4
11,Almond joy miniatura,15,74,0.6,4,8.8
12,Avellana,13,72,2.5,6.5,2.3
13,Avellana picada,12,71,2.4,6.4,2.3
14,Avellana salada,11,72,1.8,7.1,1.6
15,Avellana tostada,11,75,1.1,7.5,2.0
16,Cacahuate,12,73,2.9,6.2,2.7
17,Cacahuate acaramelado,14,75,3.0,6.5,2.5
18,Cacahuate cocido,20,64,2.7,4.4,4.3
19,Cacahuate con cascara,12,70,2.8,6,0.2
20,Cacahuate con pepitas,12,75,2.8,6,2.4
21,Cacahuate con piel,14,72,3.4,6.3,2.9
22,Cacahuate enchilado,12,67,2.9,5.9,2.1
23,Cacahuate japonés,14,68,2.7,3.6,6.3
24,Cacahuate picado,12,74,3.0,6.2,2.7
25,Cacahuate salado,12,71,3.2,. 5.5,2.4
26,Cacahuate tostado,12,69,2.8,5.9,2.5
27,Cacahuates confitados,14,72,1.4,4.3,7.1
28,Cacahuates cubiertos con salsa y limón,13,72,2.6,4.6,5.3
29,Cacao con cascara,13,70,1.9,5.9,3.3
30,Cacao pataste,12,72,2.1,6.5,2.6
31,Cacao sin cascara,12,67,1.9,5.9,2.5
32,Castaña,17,62,1.1,0.3,13.6
33,Castaña asada,30,73,1.4,0.3,15.9
34,Castaña con cascara,18,67,1.2,0.3,14.8
35,Chía,12,69,3.5,5.9,1.9
36,Chilorio,30,64,5.0,4.7,0.7
37,Chilorio de pavo,30,64,5.0,4.7,0.7
38,Chistorra,15,73,1.7,7,0.7
39,Chorizo,15,64,3.5,5.6,0.0
40,Chorizo de pollo,35,72,5.0,5.7,0.1
41,Chorizo vegetariano,15,70,4.1,5.7,0.2
42,Cocoa,22,72,6.3,0.6,11.8
43,Coroso,11,72,0.8,7.5,1.6
44,Harina de ajonjolí,13,69,4.0,4.9,3.5
45,Harina de ajonjolí baja en grasa,20,67,10.1,0.4,7.2
46,Harina de almendras,11,66,2.2,5.7,2.5
47,Harina de cacahuate,15,65,5.1,3.3,4.8
48,Harina de cacahuate desgrasada,20,66,10.6,0.1,7.0
49,Mantequilla de cacahuate,11,63,2.6,5.3,2.3
50,Nueces mixtas,12,74,2.0,6.8,2.6
51,Nuez,9,67,0.9,7,1.3
52,Nuez acaramelada,12,64,1.7,5.6,3.0
53,Nuez de castilla,9,67,0.9,7,1.3
54,Nuez de la india con almendras,11,64,1.9,5.6,2.3
55,Nuez de la india con sal,11,66,1.9,5.2,2.7
56,Nuez de la india sin sal en mitades,12,72,2.1,5.9,3.4
57,Nuez de la india tostada sin sal,13,73,1.9,5.9,4.2
58,Nuez de macadamia deshidratada,10,73,0.9,7.7,1.4
59,Nuez deshidratada,9,67,0.9,7,1.3
60,Nuez ele la india acaramelada,12,64,1.7,5.6,3.0
61,Nuez en mitades,10,74,1.0,7.7,1.4
62,Nuez entera,9,67,0.9,7,1.3
63,Nuez garapiñada,12,64,1.7,5.6,3.0
64,Nuez picada,10,71,1.0,7.4,1.4
65,Nuez tostada,9,67,0.9,7,1.3
66,Pasta de almendras,13,62,1.2,3.8,6.5
67,Pasta de cacahuate,10,58,2.8,4.9,1.7
68,Pasta de cacahuate desgrasada,10,43,3.0,2.5,2.8
69,Paté,22,69,3.1,6.1,0.3
70,Paté de cerdo,13,61,1.5,5.8,0.6
71,Paté de Foie Gras,13,60,1.5,5.7,0.6
72,Paté de ganso,13,61,1.5,5.8,0.6
73,Paté de hígado de cerdo,13,61,1.5,5.8,0.6
74,Paté de hígado de ternera,13,61,1.5,5.8,0.6
75,Paté de pollo,35,71,4.7,4.6,2.4
76,Paté de ternera,13,61,1.5,5.8,0.6
77,Pepita limpia,10,53,3.3,4.3,1.4
78,Pepitas,12,66,3.0,5.6,2.1
79,Pepitas con cascara,13,70,3.5,5.6,1.3
80,Pepitas de calabaza,12,66,3.6,5.5,1.7
81,Pepitas de melón,12,66,3.3,5.6,1.8
82,Pepitas tostadas,13,69,4.3,5.5,1.8
83,Pepperoni,15,72,2.8,6.7,0.1
84,Piñón,10,64,1.2,6.2,2.0
85,Pistache,13,73,2.6,6.3,2.5
86,Pistache tostado,10,59,2.1,4.9,2.5
87,Queso de puerco,20,75,2.0,7.4,0.0
88,Salsa bearnesa industrializada,17,61,2.3,1.5,9.9
89,Salsa bechamel,45,66,1.7,4.8,4.1
90,Salsa blanca,45,66,1.7,4.8,4.1
91,Salsa de ajonjolí,11,63,2.6,5.3,2.3
92,Salsa de cacahuate,11,63,2.6,5.3,2.3
93,Salsa de pimienta verde,75,72,2.3,4.4,6.0
94,Salsa de queso,34,67,3.5,5.1,1.8
95,Salsa pesto,24,66,3.1,5.5,0.9
96,Selección de botana mexicana,10,62,2.3,5,2.0
97,Semilla de calabaza,11,61,3.4,5.1,1.6
98,Semilla de calabaza menuda,15,65,5.3,4.1,3.0
99,Semilla de chía,12,66,3.3,5.6,1.8
100,Semilla de girasol,12,69,2.7,6,2.1
101,Semilla de girasol tostada,12,71,2.4,6,2.9
102,Tocino vegetariano,20,63,2.3,6,1.3
103,Aceite,5,44,0.0,5.0,0.0
104,Aceite comestible,5,44,0.0,5.0,0.0
105,Aceite de aguacate,5,44,0.0,5.0,0.0
106,Aceite de ajonjolí,5,44,0.0,5.0,0.0
107,Aceite de algodón,5,44,0.0,5.0,0.0
108,Aceite de almendra,5,44,0.0,5.0,0.0
109,Aceite de cacahuate,5,44,0.0,5.0,0.0
110,Aceite de cacao,5,44,0.0,5.0,0.0
111,Aceite de cañóla,5,44,0.0,5.0,0.0
112,Aceite de cártamo,5,44,0.0,5.0,0.0
113,Aceite de coco,5,43,0.0,5.0,0.0
114,Aceite de girasol,5,44,0.0,5.0,0.0
115,Aceite de girasol 60% con ácido linoleico,5,44,0.0,5.0,0.0
116,Aceite de girasol 70% con ácido aleico,5,44,0.0,5.0,0.0
117,Aceite de hígado de bacalao,5,45,0.0,5.0,0.0
118,Aceite de maíz,5,44,0.0,5.0,0.0
119,Aceite de oliva,5,44,0.0,5.0,0.0
120,Aceite de oliva extra virgen,5,44,0.0,5.0,0.0
121,Aceite de olivo,5,44,0.0,5.0,0.0
122,Aceite de palma,5,44,0.0,5.0,0.0
123,Aceite de soya,5,44,0.0,5.0,0.0
124,Aceite de soya y algodón,5,44,0.0,5.0,0.0
125,Aceite en spray,5,44,0.0,5.0,0.0
126,Aceituna negra sin hueso,25,46,0.3,5.0,0.8
127,Aceituna verde con hueso,25,46,0.3,5.1,0.8
128,Aceituna verde sin hueso,24,44,0.3,4.8,0.8
129,Aceitunas rellenas de anchoa,25,46,0.6,4.5,0.8
130,Aceitunas rellenas de pimiento,35,44,0.0,3.5,2.6
131,Aderezo,30,32,0.0,3.0,1.4
132,Aderezo blue cheese,8,38,0.4,3.9,0.6
133,Aderezo con queso y ajo,8,33,0.0,3.8,0.2
134,Aderezo cremoso,8,38,0.4,3.9,0.6
135,Aderezo de ciruela pasas,8,39,0.1,3.9,1.1
136,Aderezo de hierbas finas,8,31,0.1,3.2,0.8
137,Aderezo de mayonesa,7,51,0.1,5.4,0.3
138,Aderezo de miel y mostaza,8,36,0.0,3.6,1.0
139,Aderezo francés,8,32,0.0,3.1,1.3
140,Aderezo italiano,8,35,0.1,3.6,0.8
141,Aderezo italiano bajo en calorías,30,32,0.0,3.0,1.4
142,Aderezo italiano cremoso,8,28,0.0,2.8,0.8
143,Aderezo italiano cremoso bajo en calorías,60,40,2.0,2.2,6.0
144,Aderezo jalapeño,8,33,0.1,3.4,0.7
145,Aderezo mil islas,8,28,0.0,2.7,1.1
146,Aderezo ranch,8,44,0.0,4.7,0.5
147,Aderezo roquefort,8,38,0.4,3.9,0.6
148,Aderezo ruso,8,37,0.1,3.8,0.8
149,Aderezo tipo blue cheese,8,38,0.4,3.9,0.6
150,Aderezo tipo cesar,8,33,0.3,3.3,0.5
151,Aderezo tipo francés,8,32,0.0,3.1,1.3
152,Aderezo tipo mil islas,8,28,0.0,2.7,1.1
153,Aderezo tipo ranch,8,44,0.0,4.7,0.5
154,Aderezo vinagreta casera,10,45,0.0,5.0,0.3
155,Aderezo vinagreta comercial,20,41,0.0,3.3,2.7
156,Aguacate California,31,54,0.7,5.3,2.1
157,Aguacate de pellejo,36,44,0.5,4.5,2.0
158,Aguacate florida,54,60,0.8,4.8,4.8
159,Aguacate hass,31,54,0.7,5.3,2.1
160,Aguacate mediano,31,44,0.5,4.1,2.3
161,Aguacate verde,25,46,0.5,4.6,1.5
162,Calahua,19,35,0.5,3.3,1.6
163,Cocada,9,41,0.7,2.3,5.6
164,Coco,6,41,0.5,4.3,0.9
165,Coco de aceite,6,41,0.5,4.3,0.9
166,Coco deshidratado,6,40,0.4,3.9,1.5
167,Coco en hojuelas,9,44,0.3,3.0,4.4
168,Coco entero,14,42,0.5,4.6,0.7
169,Coco fresco,12,42,0.4,4.0,1.8
170,Coco rallado,9,44,0.3,3.1,4.2
171,Coco rallado y endulzado,9,44,0.3,3.1,4.2
172,Coco seco,9,44,0.3,3.1,4.2
173,Coco seco y endulzado,9,44,0.3,3.1,4.2
174,Coquito,6,41,0.5,4.3,0.9
175,Crema,15,43,0.0,3.2,2.1
176,Crema 20% grasa (dulce),21,41,0.6,4.1,0.8
177,Crema 40% grasa (agria),13,45,0.3,4.8,0.4
178,Crema acida,21,46,0.7,4.4,0.9
179,Crema agria,13,44,0.3,4.8,0.4
180,Crema batida,12,42,0.2,4.4,0.3
181,Crema batida en aerosol,15,40,0.5,3.5,2.0
182,Crema chantilly,12,42,0.2,4.4,0.3
183,Crema de coco dulce,25,49,0.3,4.1,13.5
184,Crema de coco natural,15,50,0.5,5.2,1.0
185,Crema de leche en polvo,10,39,3.4,0.6,4.9
186,Crema dulce,19,36,0.5,3.6,0.7
187,Crema dulce para batir,19,36,0.5,3.6,0.7
188,Crema entera,14,41,0.3,4.3,0.4
189,Crema ligera,14,41,0.3,4.3,0.4
190,Crema natural,15,43,0.0,3.2,2.1
191,Crema para batir,21,41,0.6,4.1,0.8
192,Crema para café,14,41,0.3,4.3,0.4
193,Dip,30,48,1.0,3.9,1.9
194,Dip de cebolla,30,48,1.0,3.9,1.9
195,Dip preparado,30,48,1.0,3.9,1.9
196,Dip preparado con crema,30,48,1.0,3.9,1.9
197,Grasa de tocino,5,44,0.0,5.0,0.0
198,Grasas animales,5,44,0.0,5.0,0.0
199,Grasas vegetales para cocinar,5,44,0.0,5.0,0.0
200,Guacamole,28,46,1.0,3.7,2.7
201,Lardo,5,45,0.0,5.0,0.0
202,Manteca de cerdo,4,39,0.0,4.3,0.0
203,Manteca vegetal,4,38,0.0,4.3,0.0
204,Mantequilla,6,47,0.1,5.3,0.0
205,Mantequilla con sal,6,47,0.1,5.3,0.0
206,Mantequilla derretida,5,36,0.0,4.1,0.0
207,Mantequilla sin sal,6,47,0.1,5.3,0.0
208,Margarina,4,39,0.0,4.3,0.0
209,Margarina baja en grasa,11,42,0.0,5.0,0.0
210,Margarina con sal,6,47,0.1,5.2,0.1
211,Margarina sin sal,4,39,0.0,4.3,0.0
212,Mayonesa,5,34,0.1,3.6,0.2
213,Media crema,30,40,0.8,3.4,1.2
214,Pam,5,44,0.0,5.0,0.0
215,Praliné,8,36,0.2,1.9,5.0
216,Queso crema,13,46,1.0,4.6,0.4
217,Queso crema bajo en grasa,13,32,1.1,3.0,0.3
218,Queso crema untable,10,37,0.7,3.7,0.3
219,Queso Philadelphia,13,46,1.0,4.6,0.4
220,Salsa alfredo,14,44,0.7,4.3,0.8
221,Salsa holandesa industrializada,8,44,0.9,3.7,2.6
222,Salsa tártara industrializada,16,52,0.0,5.2,2.1
223,Salsa tártara sin grasa,47,36,0.0,1.5,7.3
224,Salsa velouté,21,38,0.6,3.4,1.1
225,Tocino,8,44,0.7,4.6,0.0
226,Tocino ahumado,8,44,0.7,4.6,0.0
227,Tocino en lonja,8,44,0.7,4.6,0.0
228,Tocino frito,7,39,0.6,4.0,0.0
229,Tocino imitación,10,41,1.0,3.9,0.1
230,Vinagreta,8,36,0.0,4.0,0.2
231,Vinagreta baja en calorías,80,38,0.0,0.0,7.5
232,Vinagreta comercial,23,46,0.0,3.8,3.0
233,Abulón fresco,40,42,6.8,0.3,2.4
234,Acociles,35,37,7.4,0.5,0.9
235,Aguayón,30,42,6.3,1.9,0.0
236,Aguayón de res,30,42,6.3,1.9,0.0
237,Ahuahutle seco,11,43,7,0.4,0.2
238,Alce crudo,35,36,7.8,0.3,0.0
239,Almeja chirla,50,41,7,0.4,0.7
240,Almeja cruda mediana,58,43,7.4,0.6,1.5
241,Almeja fresca sin concha,58,43,7.4,0.6,1.5
242,Alón de pollo sin piel,29,37,6.4,1.0,0.0
243,Anchoa fresca,30,39,6.1,1.4,0.0
244,Anillos de calamar,38,34,5.9,0.5,1.2
245,Armadillo,25,40,7.1,1.3,0.0
246,Arrachera de avestruz,40,36,8.2,0.4,0.0
247,Atún blanco en agua,31,39,7.3,0.9,0.0
248,Atún en agua,31,36,7.9,0.3,0.0
249,Atún fresco,30,43,7,1.5,0.0
250,Atún horneado,20,37,6,1.3,0.0
251,Atún light,31,36,7.9,0.3,0.0
252,Bacalao enlatado,35,37,8,0.3,0.0
253,Bacalao fresco,45,37,8,0.3,0.0
254,Bacalao noruego,13,38,8.2,0.3,0.0
255,Bacalao seco,13,38,8.2,0.3,0.0
256,Bagre fileteado,40,38,7,1.1,0.0
257,"Bagre, chihuil",40,38,7,1.1,0.0
258,Bistec,30,36,7.2,0.8,0.0
259,Bistec de res,30,36,7.2,0.8,0.0
260,Bola de ternera,35,41,7.3,1.1,0.0
261,Boquerón crudo,36,41,6.4,1.7,0.0
262,"Boquilla, ronco crudo",38,31,7.5,0.1,0.0
263,Cabeza de pescado,40,40,8.2,0.5,0.0
264,Cabrilla,38,31,7.7,0.0,0.0
265,Cabrito,25,36,6.8,0.8,0.0
266,Calamar americano,45,41,7,0.6,1.4
267,Calamar crudo,45,41,7,0.6,1.4
268,Calamar fresco entero,45,41,7,0.6,1.4
269,Calamar fresco limpio,45,41,7,0.6,1.4
270,Camarón 16-20,40,42,8.1,0.7,0.4
271,Camarón cocido,34,34,7.1,0.4,0.0
272,Camarón crudo mediano,36,38,7.3,0.6,0.3
273,Camarón de surimi,40,40,5,0.6,3.7
274,Camarón enlatado,32,32,6.5,0.4,0.0
275,Camarón gigante,40,42,8.1,0.7,0.4
276,Camarón pacotilla,36,38,7.3,0.6,0.3
277,Camarón seco,9,33,7.5,0.2,0.5
278,Camarón seco salado,9,33,7.5,0.2,0.5
279,Camarón U15,40,42,8.1,0.7,0.4
280,Cangrejo,42,37,7.6,0.4,0.0
281,Cangrejo cocido,39,40,8,0.7,0.0
282,Cangrejo de Alaska,43,36,7.9,0.3,0.0
283,Cangrejo de Alaska cocido,34,32,6.5,0.5,0.0
284,Cangrejo enlatado,34,33,6.9,0.4,0.0
285,Carne de Alce cocida,25,34,7.3,0.2,0.0
286,Carne de avestruz,35,31,7.1,0.4,0.0
287,Carne de faisán cruda sin piel,30,40,"7,1",1.1,0.0
288,Carne de jaiba,40,39,7,1.0,0.4
289,Carne de res seca,11,43,7.1,1.6,0.1
290,Carne de venado cruda,27,42,5.9,1.9,0.0
291,Carne molida de pavo,33,36,7.4,0.5,0.0
292,Carne molida de pollo,32,36,7.4,0.5,0.0
293,Carne obscura de pollo cruda,35,44,7,1.5,0.0
294,Cazón,32,42,6.8,1.4,0.0
295,Cazón fileteado,33,43,6.9,1.5,0.0
296,Cecina,25,40,6,1.6,0.2
297,Cecina enchilada,25,40,6,1.6,0.2
298,Chambarete de res,33,42,6.8,1.6,0.0
299,Charales frescos,27,43,6.8,1.6,0.3
300,Charales secos,12,38,8.2,0.5,0.3
301,Chema,38,32,7.3,0.3,0.0
302,Chipirón (calamar) crudo,45,41,7,0.6,1.4
303,Chuleta ahumada,34,34,6.1,1.0,0.1
304,Clara de huevo,66,32,7.2,0.1,0.5
305,Clara de huevo en polvo,9,34,7.2,0.0,0.7
306,Cliambarete,33,42,6.8,1.6,0.0
307,Corazón de pavo cocido,30,39,6.4,1.4,0.2
308,Corazón de puerco cocido,25,37,5.9,1.3,0.1
309,Corazón de puerco crudo,35,41,6,1.5,0.5
310,Corazón de res cocido,25,41,7.1,1.2,0.0
311,Corazón de res crudo,38,43,6.7,1.5,0.1
312,Corazón de ternera cocido,20,37,5.8,1.4,0.0
313,Corazón de ternera crudo,40,44,6.9,1.6,0.0
314,Cuete,43,41,7.3,1.3,1.3
315,Cuete de res,43,41,7.3,1.3,1.3
316,Empuje,33,37,7.4,0.6,0.0
317,Empuje de res,33,37,7.4,0.6,0.0
318,Escalopa de res,30,34,7.2,0.3,0.0
319,Escamóles,16,29,7.2,0.0,0.0
320,Extraviado,41,34,7.9,0.3,0.0
321,Extraviado fileteado,41,34,7.9,0.3,0.0
322,Fajita de pollo sin piel cruda,33,40,6.8,1.1,0.0
323,Falda,33,35,7.4,0.6,0.0
324,Falda abierta,33,35,7.4,0.6,0.0
325,Falda de res,33,35,7.4,0.6,0.0
326,Filete de bandera crudo,40,36,7.5,0.5,0.0
327,Filete de calamar crudo,45,41,7,0.6,1.4
328,Filete de cazón crudo,30,39,6.3,1.3,0.0
329,Filete de extraviado,40,34,7.7,0.3,0.0
330,"Filete de guachinango, pargo",35,35,7.2,0.5,0.0
331,Filete de huachinango. pargo,35,35,7.2,0.5,0.0
332,Filete de lenguado,45,34,7.5,0.5,0.0
333,Filete de merluza,45,34,7.5,0.5,0.0
334,Filete de mero,40,34,7.7,0.3,0.0
335,Filete de mojarra,40,40,7.7,1.1,0.0
336,Filete de pescado,40,36,7.5,0.5,0.0
337,Filete de pescado Blanco del Nilo,40,36,7.2,0.6,0.4
338,Filete de res,30,36,7.2,0.8,0.0
339,Filete de robalo,40,35,7.6,0.3,0.0
340,Filete de venado,36,45,7.6,1.4,0.0
341,Filete miñón,30,36,7.2,0.8,0.0
342,Filete mlgnón,30,36,7.2,0.8,0.0
343,Filete tampiqueña,30,36,7.2,0.8,0.0
344,Gallinita de guinea con piel,25,39,5.8,1.6,0.0
345,Gallinita de guinea sin piel,35,38,7.2,0.9,0.0
346,Guachinango,36,36,7.3,0.5,0.0
347,Guachinango cocido,28,36,7.4,0.5,0.0
348,Guachinango crudo fileteado,35,35,7.2,0.5,0.0
349,Gurrubata cruda,41,41,7.3,1.3,0.0
350,Halibut cocido,27,38,7.2,0.8,0.0
351,Huachinango cocido,28,36,7.4,0.5,0.0
352,Huachinango crudo,36,36,7.3,0.5,0.0
353,Huachinango crudo fileteado,35,35,7.2,0.5,0.0
354,Huevo cíe iguana,58,37,7.2,0.6,0.0
355,Iguana,30,35,7.3,0.3,0.0
356,Isabelita,36,30,7.4,0.1,0.0
357,Jaiba cocida desmenuzada,47,39,8.1,0.6,0.0
358,Jaiba cocida entera,40,34,7,0.5,0.0
359,Jaiba cruda,40,39,7,1.0,0.4
360,Jamón ahumado,42,42,7,1.6,0.0
361,Jamón americano,42,44,6.8,1.5,0.8
362,Jamón bajo en sodio,36,39,5.9,1.4,0.9
363,Jamón cocido,42,44,7,1.5,0.5
364,Jamón horneado,42,44,6.8,1.5,0.8
365,Jamón Virginia,42,44,7,1.5,0.5
366,"Jorobado, lamparosa",36,34,7.4,0.5,0.0
367,Jugo de almeja,1680,35,7,0.3,1.4
368,Langosta,40,36,7.5,0.4,0.2
369,Langosta cocida,35,34,7.2,0.2,0.5
370,Langostino,50,34,7.2,0.6,0.0
371,Lenguado,45,34,7.5,0.5,0.0
372,Lenguado fileteado,45,34,7.5,0.5,0.0
373,Liebre,33,44,6.8,1.6,0.0
374,"Lisa, churra, cabezuda",36,40,7,1.3,0.0
375,Lomo canadiense,45,45,8,1.4,0.1
376,Lomo de venado,36,42,7.3,1.2,0.0
377,Machaca,13,44,6,1.2,0.0
378,Medallón de filete,30,36,7.2,0.8,0.0
379,Medallón de filete de res,33,40,8,0.8,0.0
380,Mejillones sin concha cocidos,25,43,5.9,1.1,1.9
381,Mejillones sin concha crudos,50,43,5.9,1.1,1.8
382,Menudencias de pavo,25,42,6.7,1.3,0.5
383,Menudencias de pollo cocidas,25,40,6.8,1.1,0.1
384,Menudencias de pollo crudas,35,43,6.3,1.6,0.6
385,Merluza,43,33,7.2,0.4,0.0
386,Merluza fileteada,45,34,7.5,0.5,0.0
387,Mero cocido,30,35,7.5.,0.4,0.0
388,Mero crudo,41,34,7.9,0.3,0.0
389,Mero crudo fileteado,40,34,7.7,0.3,0.0
390,Milanesa de avestruz,35,31,7.1,0.4,0.0
391,Milanesa de pollo,30,34,7,0.5,0.0
392,Milanesa de res,30,36,7.2,0.8,0.0
393,Mojarra cruda fileteada,35,34,7,0.6,0.0
394,Mojarra tilapia cruda,37,35,7.4,0.6,0.0
395,Molida de pollo,30,34,7,0.5,0.0
396,Molida de sirloin,20,40,6.1,1.6,0.0
397,Molleja de pollo cocida,25,37,7.6,0.7,0.0
398,Muslo de pollo crudo sin piel,36,43,7.1,1.4,0.0
399,Muslo de pollo sin piel cruda,34,41,6.8,1.3,0.0
400,Pancita de res,43,40,6.2,1.7,0.0
401,Pargo,36,37,7.5,0.7,0.0
402,Pargo fileteado,35,36,7.4,0.7,0.0
403,Pata de res,55,44,6.7,1.6,0.6
404,Pechuga de pavo,32,35,7.1,0.5,0.0
405,Pechuga de pavo ahumada,34,32,6.7,0.3,0.5
406,Pechuga de pavo ahumada baja en grasa,49,39,7.3,0.3,1.7
407,Pechuga de pollo a la plancha,25,40,7.2,1.0,0.0
408,Pechuga de pollo ahumada,42,33,6.9,0.1,1.1
409,Pechuga de pollo aplanada,25,40,7.2,1.0,0.0
410,Pechuga de pollo asada,25,40,7.2,1.0,0.0
411,Pechuga de pollo cocida,25,40,7.2,1.0,0.0
412,Pechuga de pollo cruda,30,34,6.9,0.5,0.0
413,Pechuga de pollo deshuesada cruda .,30,34,7,0.5,0.0
414,Pechuga de pollo en brocheta cruda,30,34,7,0.5,0.0
415,Pechuga de pollo en fajitas cruda,30,34,7,0.5,0.0
416,Pechuga de pollo horneada rebanada,37,36,7.2,0.2,1.4
417,Pechuga de pollo molida cruda,30,34,7,0.5,0.0
418,Pechuga de pollo sin piel,32,36,7.3,0.5,0.0
419,Pechuga deshebrada,32,36,7.4,0.5,0.0
420,Pechuga desmenuzada,32,36,7.4,0.5,0.0
421,Pechuga molida,32,36,7.4,0.5,0.0
422,Perca cocida,30,35,7.4,0.4,0.0
423,Perca cruda,38,35,7.4,0.4,0.0
424,Perca fileteada,38,34,7.4,0.4,0.0
425,Pescado blanco ahumado,32,35,7.5,0.3,0.0
426,Pescado en trozo,39,35,7.3,0.5,0.0
427,Pescado entero,39,35,7.3,0.5,0.0
428,Pescado fileteado,40,36,7.5,0.5,0.0
429,Pescado rebanado,39,35,7.3,0.5,0.0
430,Pescado seco tipo bacalao,12,34,7.4,0.3,0.0
431,Pez espada cocido,28,43,7.1,1.4,0.0
432,Pez espada crudo,36,43,7.1,1.4,0.0
433,Pez espada crudo fileteado,36,44,7.1,1.4,0.0
434,Pez espada crudo rebanado,36,43,7.1,1.4,0.0
435,Pierna de cordero,23,43,6.4,1.7,0.0
436,Pierna de pollo sin piel cruda,33,39,6.6,1.2,0.0
437,Pollo cocido,25,40,7.2,1.0,0.0
438,Pollo deshebrado,25,40,7.2,1.0,0.0
439,Pulmón de cerdo,48,41,6.7,1.3,0.0
440,Pulpa de jaiba,46,38,8,0.6,0.0
441,Pulpo cocido,25,41,7.5,0.5,1.1
442,Pulpo crudo,45,37,6.7,0.5,1.0
443,Puntas de filete,30,36,7.2,0.8,0.0
444,Puntas de res,30,36,7.2,0.8,0.0
445,Queso cottage,48,43,6.6,0.9,1.7
446,Queso cottage 1% grasa,57,41,7,0.6,1.5
447,Queso cottage 2% grasa,48,43,6.6,0.9,1.7
448,Queso cottage bajo en grasa,57,41,7,0.6,1.5
449,Requesón promedio,24,43,3.6,2.9,0.7
450,Retazo de pescado crudo,35,35,7.2,0.5,0.0
451,Ríñones de carnero crudos,36,39,6.5,1.2,0.3
452,Ríñones de cerdo cocidos,28,42,7.1,1.3,0.0
453,Ríñones de res cocidos,25,40,6.8,1.2,0.0
454,Ríñones de ternera cocidos,25,41,6.6,1.4,0.0
455,Roast beef,33,36,6.6,0.9,0.5
456,Robalo cocido,30,34,7.3,0.3,0.0
457,Robalo crudo,38,33,7.2,0.3,0.0
458,Robalo fileteado,40,35,7.6,0.3,0.0
459,Salmón ahumado,35,41,6.4,1.5,0.0
460,Sats orugas,65,35,7,0.8,0.0
461,Surimi,40,39,6,0.4,2.7
462,Surími imitación camarón,40,40,4.9,0.6,3.7
463,Tampiqueña,30,36,7.2,0.8,0.0
464,Tampiqueña de filete,30,36,7.2,0.8,0.0
465,Trucha fresca,35,42,7.2,1.2,0.0
466,Venado cocido (carne magra),23,42,6,1.8,0.0
467,Venado crudo (carne magra),27,42,5.9,1.9,0.0
468,Agujas de res,33,51,6.8,2.6,0.0
469,Anchoa con aceite,24,50,7.0,2.3,0.0
470,Anchoas crudas,36,47,7.3,1.7,0.0
471,Arenque cocido,25,51,5.8,2.9,0.0
472,Arenque fresco crudo,35,55,6.3,3.2,0.0
473,Arrachera cruda,35,49,7.5,1.9,0.0
474,Arrechera de res,30,56,8.4,2.2,0.0
475,Atún blanco en aceite,25,46,6.6,2.0,0.0
476,Atún drenado,25,49,7.3,2.1,0.0
477,Atún en aceite,25,49,7.3,2.1,0.0
478,Barbacoa,40,54,7.6,2.4,0.0
479,Barbacoa con hueso,38,51,7.2,2.3,0.0
480,Bistec de ternera,35,55,6.9,2.8,0.0
481,Bonito,31,51,7.3,2.2,0.0
482,Bonito en aceite,25,55,7.3,2.9,0.0
483,Bonito fileteado,30,50,7.2,2.2,0.0
484,Cabeza de carnero cocida,50,55,7.0,2.8,0.0
485,Cabeza de cerdo,50,55,7.0,2.8,0.0
486,Calamar frito,35,61,6.3,2.6,2.7
487,Carne de cerdo,40,56,7.9,2.5,0.0
488,Carne de cerdo molida,40,56,7.9,2.5,0.0
489,Carne de ganso de crianza,32,52,7.4,2.3,0.0
490,Carne de pato de crianza,39,51,7.1,2.3,0.0
491,Carne de res,30,54,6.2,3.0,0.0
492,Carne de res molida,30,54,6.2,3.0,0.0
493,Carne de ternera,35,55,6.9,2.8,0.0
494,Carne molida,30,54,6.2,3.0,0.0
495,Carne molida de cerdo,40,56,7.9,2.5,0.0
496,Carne molida de res,30,54,6.2,3.0,0.0
497,Carne molida especial,30,54,6.2,3.0,0.0
498,Carne promedio,29,51,5.9,2.9,0.0
499,Carnero,40,54,7.6,2.4,0.0
500,Carnero con hueso,38,51,7.2,2.3,0.0
501,Carpa,41,51,7.2,2.3,0.0
502,Carpa cocida,30,49,6.8,2.2,0.0
503,Carpa horneada,30,49,6.8,2.2,0.0
504,Cecina,30,48,7.2,2.0,0.2
505,Cecina de cerdo,30,48,7.2,2.0,0.2
506,Cecina enchilada,30,48,7.2,2.0,0.2
507,Chuleta de cerdo,38,54,7.6,2.4,0.0
508,Comed beef,25,54,6.7,3.1,0.0
509,Comed beef con áspic,30,46,6.9,1.8,0.0
510,Conejo,36,57,7.3,2.9,0.0
511,Conejo crudo,35,48,7.0,1.9,0.0
512,Conejo de crianza,32,51,6.5,2.6,0.0
513,Corazón de borrego,45,55,7.4,2.5,0.2
514,Corazón de borrego cocido,30,55,7.4,2.4,0.6
515,Corazón de cordero,45,55,7.4,2.5,0.2
516,Corazón de cordero cocido,30,55,7.4,2.4,0.6
517,Corazón de pavo,40,58,7.3,2.8,0.3
518,Corazón de pollo cocido,25,53,7.9,2.6,0.0
519,Cuete de ternera,35,55,6.9,2.8,0.0
520,Falda de cerdo,40,56,7.9,2.5,0.0
521,Filete de carpa,40,51,7.2,2.3,0.0
522,Filete de cerdo,35,49,6.9,2.2,0.0
523,Filete de puerco,35,49,6.9,2.2,0.0
524,Filete de salmón,30,55,6.0,3.2,0.0
525,Gallina,27,59,7.6,3.0,0.0
526,Gallina joven cocida,27,59,7.6,3.0,0.0
527,Ganso de crianza,32,52,7.4,2.3,0.0
528,Guajolote,36,57,7.3,2.8,0.0
529,Hígado de borrego cocido,25,55,7.6,2.2,0.6
530,Hígado de cerdo cocido,30,50,7.8,1.3,1.1
531,Hígado de ganso,47,63,7.7,2.0,3.0
532,Hígado de ganso crudo,40,53,6.5,1.7,2.5
533,Hígado de pato crudo,40,54,7.5,1.8,1.4
534,Hígado de pavo,35,59,8.4,2.1,1.2
535,Hígado de pollo cocido,30,50,7.3,2.0,0.3
536,Hígado de pollo crudo,40,48,7.2,1.6,1.4
537,Hígado de res cocido,25,48,7.3,1.3,1.3
538,Hígado de res cocido,30,48,7.3,1.5,1.0
539,Hígado de res frito,25,54,6.7,2.0,2.0
540,Hueva de pescado cocida,25,51,7.2,2.1,0.5
541,Huevo de tortuga,45,51,5.6,2.8,0.4
542,Huevo deshidratado,13,56,6.9,1.6,2.7
543,Huevo en polvo,13,56,6.9,1.6,2.7
544,Jamón bajo en grasa,42,56,8.1,2.1,0.5
545,Jamón de pavo,42,54,8.0,2.1,0.1
546,Jamón de pierna,42,56,8.1,2.1,0.5
547,Lomo de cerdo,40,56,7.9,2.5,0.0
548,Lomo de cerdo en trozos,40,56,7.9,2.5,0.0
549,Machacado de res,15,50,6.7,1.3,0.0
550,Maciza de carnero,40,54,7.6,2.4,0.0
551,Maciza de res,15,50,6.7,1.3,0.0
552,Maciza de res en trozo,35,49,7.3,2.2,0.0
553,Maciza de ternera,35,55,6.9,2.8,0.0
554,Milanesa de cerdo,40,56,7.9,2.5,0.0
555,Milanesa de ternera,35,55,6.9,2.8,0.0
556,Molida de cerdo,40,56,7.9,2.5,0.0
557,Molida de res,30,54,6.2,3.0,0.0
558,Molida de sirloin,25,51,7.6,2.0,0.0
559,Molida especial,30,54,6.2,3.0,0.0
560,Molida regular de res,30,54,6.2,3.0,0.0
561,Ostión cocido,35,57,6.6,1.6,3.5
562,Ostión crudo,75,61,7.1,1.7,3.7
563,Ostión cultivado,126,75,6.6,2.0,6.9
564,Ostión cultivado cocido,88,70,6.1,1.9,6.4
565,Ostión en jugo,70,57,6.6,1.6,3.5
566,Ostión enlatado,100,69,7.1,2.5,3.9
567,Pámpano,33,55,6.2,3.1,0.0
568,Pámpano cocido,25,53,5.9,3.0,0.0
569,Pámpano fileteado,35,60,6.7,3.3,0.0
570,Pancita de puerco,35,55,5.8,3.4,0.0
571,Pasta de anchoas,28,56,5.6,3.2,1.2
572,Pasta de camarón,30,54,6.2,2.8,0.5
573,Pasta de langosta,28,52,6.0,2.8,0.4
574,Pastrami de pavo,42,59,7.7,2.6,0.7
575,Pato de crianza,39,51,7.1,2.3,0.0
576,Pavo,36,57,7.3,2.8,0.0
577,Pavo entero,36,57,7.3,2.8,0.0
578,Pechuga de pollo con piel,30,55,6.0,3.3,0.0
579,Pescado blanco,39,52,7.4,2.3,0.0
580,Pescado blanco cocido,30,52,7.3,2.3,0.0
581,Pescado blanco fileteado,35,47,6.7,2.1,0.0
582,Pescuezo de pollo sin piel,38,58,6.6,3.3,0.0
583,Pescuezo de res,33,50,6.7,2.4,0.0
584,Pierna de carnero,40,54,7.6,2.4,0.0
585,Pierna de cerdo,40,56,7.9,2.5,0.0
586,Pierna de cordero,26,49,7.2,2.0,0.0
587,Pierna de pollo con piel cocida,26,58,6.3,3.4,0.0
588,Pierna de pollo sin piel,38,45,7.5,1.4,0.0
589,Pierna de pollo sin piel cocida,26,47,6.7,2.1,0.0
590,Pierna de puerco,40,56,7.9,2.5,0.0
591,Pierna y muslo de pollo sin piel,34,41,6.8,1.3,0.0
592,Pulpa de cerdo,40,56,7.9,2.5,0.0
593,Pulpa de ternera,38,59,7.5,3.0,0.0
594,Queso cheddar bajo en grasa,30,53,7.4,2.1,0.5
595,Queso cottage cremoso,54,56,6.8,2.5,1.5
596,Queso fresco,40,58,6.1,2.8,2.0
597,Queso fresco de cabra,30,52,7.1,1.5,2.6
598,Queso fresco de vaca,40,58,6.1,2.8,2.0
599,Queso panela,40,58,6.1,2.8,2.0
600,Retazo de carnero,50,56,7.1,2.8,0.0
601,Rib eye sin grasa,25,56,7.0,2.9,0.0
602,Salmón,30,55,6.0,3.2,0.0
603,Salmón cocido,30,55,6.0,3.2,0.0
604,Salmón fresco,30,55,6.0,3.2,0.0
605,Short loin,25,54,7.2,2.6,0.0
606,Sierra ahumada,30,51,7.3,2.2,0.0
607,Sirloin,25,51,7.6,2.0,0.0
608,Sustituto de huevo en polvo,13,56,6.9,1.6,2.7
609,Sustituto de huevo líquido,60,51,7.1,2.0,0.4
610,T-bone sin grasa,24,49,6.4,2.4,0.0
611,Ternera,35,55,6.9,2.8,0.0
612,Ternera en canal,38,59,7.5,3.0,0.0
613,Trucha,32,54,5.9,3.2,0.0
614,Trucha ahumada,30,51,7.3,2.2,0.0
615,Trucha cocida,30,51,7.3,2.2,0.0
616,Trucha fileteada,35,59,6.4,3.5,0.0
617,Arenque marinado,46,73,8.3,4.2,0.0
618,Bistec de bola,25,71,7.2,4.5,0.0
619,Bola de res,25,71,7.2,4.5,0.0
620,Boquerones (fritos),40,70,7.7,4.1,0.1
621,Carne de suadero,29,76,7.8,4.8,0.0
622,Carne deshebrada,30,75,7.4,4.8,0.0
623,Carne molida extra magra cocida,30,75,7.4,4.8,0.0
624,Carne molida extra magra salteada,30,77,7.5,4.9,0.0
625,Caviar,27,67,6.6,4.8,1.1
626,Caviar negro,27,67,6.6,4.8,1.1
627,Caviar rojo,27,67,6.6,4.8,1.1
628,Chicharrón,12,72,6.9,4.7,0.0
629,Chicharrón de cerdo,12,72,6.9,4.7,0.0
630,Chicharrón de puerco,12,72,6.9,4.7,0.0
631,Costillar de cerdo,33,69,6.5,4.6,0.0
632,Costillitas de cerdo,33,69,6.5,4.6,0.0
633,Empuje cocido,30,75,7.4,4.8,0.0
634,Empuje de res cocido,30,75,7.4,4.8,0.0
635,Gusanos de maguey,35,70,5.8,4.8,0.0
636,"Huevo ""enriquecido con DHA-Omega 3 y Vitamina E""",55,70,6.0,4.5,0.7
637,Huevo agra,55,70,6.0,4.5,0.7
638,Huevo batido o revuelto cocido,41,69,4.6,5.0,0.9
639,Huevo blanco cocido,44,68,5.5,4.7,0.5
640,Huevo cocido,44,68,5.5,4.7,0.5
641,Huevo de codorniz fresco,50,78,6.5,5.5,0.2
642,Huevo de pavo,35,59,4.8,4.1,0.4
643,Huevo entero cocido,44,68,5.5,4.7,0.5
644,Huevo entero fresco,44,63,5.5,4.4,0.3
645,Huevo fresco,44,63,5.5,4.4,0.3
646,Huevo pochado,50,71,6.3,5.0,0.4
647,Huevo rojo cocido,44,68,5.5,4.7,0.5
648,Longaniza de primera,44,78,7.3,5.2,0.0
649,Macarela cocida,29,76,6.9,5.2,0.0
650,Macarela fresca,37,76,6.9,5.1,0.0
651,Muslo de pollo con piel cocido con hueso,33,76,7.7,4.9,0.0
652,Muslo de pollo con piel crudo con hueso,34,72,5.9,5.2,0.0
653,Orejas de cerdo,28,66,6.3,4.3,0.2
654,Pata de cerdo cocida,51,71,5.9,5.1,0.0
655,Pata de cerdo cocidas,51,71,5.9,5.1,0.0
656,Patas de cerdo en escabeche,51,71,5.9,5.1,0.0
657,Patitas de cerdo encurtidas sin hueso,51,71,5.9,5.1,0.0
658,Pecho de res,37,76,6.4,5.4,0.0
659,Pierna y muslo de pollo con piel,40,74,7.2,4.8,0.0
660,Pieza de pollo,32,68,5.6,4.9,0.0
661,Pieza de pollo con piel,32,68,5.6,4.9,0.0
662,Pollo crudo,35,76,6.5,5.3,0.0
663,Pollo crudo en piezas,39,73,7.1,4.7,0.0
664,Queso holandés,20,75,6.7,5.2,1.6
665,Queso mozzarella semidescremado,30,76,7.3,4.8,0.8
666,Queso parmesano,18,75,6.7,5.0,0.9
667,Queso parmesano duro,20,78,7.2,5.2,0.6
668,Queso parmesano en trozo,20,78,7.2,5.2,0.6
669,Queso parmesano rallado,18,75,6.7,5.0,0.9
670,Queso ricotta semidescremado,55,76,6.3,4.3,2.8
671,Salami de pavo,42,72,8.1,3.9,0.7
672,Salchicha de pavo,44,86,10.5,4.6,0.7
673,Salmón en aceite,35,71,7.6,4.9,0.0
674,Sardinas en aceite,36,75,8.9,4.1,0.0
675,Sardinas en tomate,38,71,7.9,4.0,0.3
676,Sesos de cerdo cocidos,50,69,6.1,4.8,0.0
677,Sesos de cordero cocidos,50,73,6.3,5.1,0.0
678,Sesos de ternera cocidos,50,68,5.7,4.8,0.0
679,Sierra,38,78,7.3,5.2,0.0
680,Sierra fileteada,35,73,6.8,4.9,0.0
681,Sierra picada,35,73,6.8,4.9,0.0
682,Suadero crudo,29,76,7.8,4.8,0.0
683,Alón de pollo con piel cocido,38,88,8.7,6.4,0.0
684,Alón de pollo con piel crudo,38,85,7.1,6.1,0.0
685,Añejo tipo cotija,24,70,6.8,8.0,0.3
686,Carne de cerdo,40,105,6.8,8.5,0.0
687,Carne de res semigrasosa,38,98,7.0,7.5,0.0
688,Carne molida popular de res,33,97,5.2,8.3,0.0
689,Carne molida regular,40,107,7.2,8.5,0.0
690,Carne molida regular cocida,35,100,8.1,7.3,0.0
691,Carne obscura de pollo con piel,40,95,6.7,7.3,0.0
692,Cecina de res,50,98,7.3,7.4,0.0
693,Cerdo en canal,28,111,3.8,10.6,0.0
694,Cheez whiz,33,91,4.0,6.9,3.0
695,Chuleta de carnero,36,105,5.6,9.0,0.0
696,Chuleta de cordero entera,45,94,8.3,6.5,0.0
697,Cordero,37,104,6.1,8.6,0.0
698,Costilla de carnero,36,105,5.6,9.0,0.0
699,Costilla de res,29,112,4.5,10.3,0.0
700,Espaldilla,36,99,5.8,8.2,0.0
701,Espaldilla de cerdo,36,99,5.8,8.2,0.0
702,Espinazo,36,99,5.8,8.2,0.0
703,Espinazo de cerdo,36,99,5.8,8.2,0.0
704,Fondue de queso,46,104,6.5,6.1,1.7
705,Huevo congelado sin colesterol,60,96,6.8,6.7,1.9
706,Huevo de gansa,63,116,8.7,8.3,0.8
707,Huevo de pato,46,85,5.9,6.4,0.7
708,Huevo estrellado,46,90,6.3,7.0,0.4
709,Huevo frito,46,90,6.3,7.0,0.4
710,Huevo revuelto,60,100,6.7,7.3,1.3
711,Jamón del diablo,40,100,6.2,8.6,0.0
712,Jumiles,20,89,6.4,6.8,0.0
713,Lengua de cerdo cocida,30,81,7.2,5.6,0.0
714,Lengua de res cocida,5,100,6.8,7.8,0.0
715,Maciza de cerdo,35,92,5.9,7.4,0.0
716,Maciza de puerco,35,92,5.9,7.4,0.0
717,Molida de carnero,38,96,6.9,7.4,0.0
718,Molida popular de res,33,97,5.2,8.3,0.0
719,Morcilla de arroz,25,95,3.7,8.6,0.3
720,Morcilla de arroz,25,95,3.7,8.6,0.3
721,Moronga,25,95,3.7,8.6,0.3
722,Mortadela,32,99,5.3,8.0,1.1
723,Mozarella fresco,35,105,7.8,7.8,0.8
724,Nugget de pollo,34,101,5.2,6.7,4.8
725,Nugget de queso,50,123,5.3,6.4,11.7
726,Nuguet de soya,34,98,4.8,6.4,5.3
727,Ostión ahumado,55,109,4.9,6.9,6.4
728,Ostión empanizado,55,109,4.9,6.9,6.4
729,Palitos de pescado congelados,42,116,6.6,5.3,10.1
730,Paloma,35,102,6.4,8.2,0.0
731,Pastel de pavo,32,105,3.9,9.6,0.6
732,Pastel de pollo,40,106,4.0,8.7,2.9
733,Pastel de puerco,32,105,3.9,9.6,0.6
734,Pastel de ternera,40,106,4.0,8.7,2.9
735,Pata de carnero cocida,35,38,7.4,7.4,0.0
736,Peperami,19,103,4.0,9.3,1.0
737,Peperoni,20,99,4.5,8.8,0.0
738,Pescuezo de pollo con piel sin hueso,32,95,4.5,8.4,0.0
739,Pollo crispy,34,106,5.4,7.1,5.1
740,Pollo rostizado,28,80,6.7,6.3,0.0
741,Pulpa de res,25,87,6.8,6.5,0.0
742,Queso amarillo,42,100,7.0,5.9,4.9
743,Queso americano fundido,39,105,5.8,8.2,2.3
744,Queso añejo,25,95,5.4,7.6,1.2
745,Queso añejo rallado,29,109,6.3,8.7,1.3
746,Queso asadero,28,100,6.4,8.0,0.8
747,Queso blanco,40,88,6.9,5.9,2.1
748,Queso blue cheese,30,106,6.4,8.6,0.7
749,Queso brick,25,94,5.9,7.5,0.7
750,Queso brie,30,102,6.3,8.4,0.1
751,Queso camembert,35,106,7.0,8.6,0.1
752,Queso canasto,330,87,8.5,10.0,0.4
753,Queso checlclar,21,85,5.2,7.0,0.3
754,Queso cheddar rallado,28,114,7.0,9.4,0.4
755,Queso Cheezwiz,33,91,4.0,6.9,3.0
756,Queso chihuahua,25,94,5.4,7.5,1.4
757,Queso Chihuahua fresco,28,105,6.0,8.4,1.6
758,Queso chihuahua rallado,28,106,6.1,8.5,1.6
759,Queso cotija,30,87,8.5,10.0,0.4
760,Queso crema light,45,104,4.8,7.9,3.2
761,Queso de cabra con ceniza,35,94,6.6,7.4,0.3
762,Queso de cabra duro,20,91,6.2,7.2,0.4
763,Queso de cabra suave,35,94,6.6,7.4,0.3
764,Queso eclam,30,107,7.5,8.3,0.4
765,Queso feta,40,106,5.7,8.5,1.6
766,Queso fontina,25,97,6.4,7.8,0.4
767,Queso fundido,54,124,7.7,7.3,2.1
768,Queso gouda,30,107,7.5,8.2,0.7
769,Queso gruyere,25,103,7.5,8.1,0.1
770,Queso manchego,25,102,6.1,8.1,1.2
771,Queso manchego rallado,25,102,6.1,8.1,1.2
772,Queso manchego rebanado,25,102,6.1,8.1,1.2
773,Queso menonita,25,95,5.4,7.5,1.4
774,Queso Monterrey,25,93,6.1,7.6,0.2
775,Queso mozarella,35,105,7.8,7.8,0.8
776,Queso mozzarella rallado,35,105,7.8,7.8,0.8
777,Queso mozzarella suave,28,89,6.0,6.9,0.7
778,Queso neufchatel,35,91,3.5,8.2,1.0
779,Queso Oaxaca,30,95,7.7,6.6,0.9
780,Queso pasteurizado americano,28,105,6.2,8.7,0.4
781,Queso pasteurizado suizo,32,105,7.8,7.9,0.7
782,Queso port salut,28,99,6.7,7.9,0.2
783,Queso provolone,28,98,7.2,7.5,0.6
784,Queso rallado,43,95,7.4,6.3,2.3
785,Queso ricotta,62,107,6.9,8.0,1.9
786,Queso romano,23,89,7.3,6.2,0.8
787,Queso roquefort,25,92,5.4,7.7,0.5
788,Queso suizo rallado,28,106,7.5,7.8,1.5
789,Queso tipo roquefort,25,92,5.4,7.7,0.5
790,Queso velveta,35,100,6.3,7.5,3.8
791,Retazo,35,104,5.6,8.9,0.0
792,Retazo con hueso,35,104,5.6,8.9,0.0
793,Retazo de pollo,35,104,5.6,8.9,0.0
794,Retazo de res,35,104,5.6,8.9,0.0
795,Retazo de ternera,35,104,5.6,8.9,0.0
796,Rib eye,30,82,5.3,6.6,0.0
797,Salami,27,104,6.3,8.1,1.0
798,Salámi de ternera,42,110,6.4,8.8,1.1
799,Salchicha,34,114,6.6,9.6,0.0
800,Salchicha ahumada,34,109,4.1,9.8,0.8
801,Salchicha de pollo,34,100,6.2,8.1,0.0
802,Salchicha de puerco,34,114,6.6,9.6,0.0
803,Salchicha de ternera,29,90,3.4,8.1,0.5
804,Salchicha vienna,48,110,5.0,9.3,1.2
805,Salchicha vienna ahumada,41,93,4.3,7.9,1.1
806,Sesos de res cocidos,60,91,7.0,6.3,0.9
807,Sesos de res crudos,74,105,8.0,7.6,0.8
808,Sesos de res fritos,55,108,6.9,8.7,0.0
809,T-bone con grasa cocido,32,96,7.4,7.2,0.0
810,Tripas de res,50,109,5.6,9.5,0.0
811,Ubre,45,105,6.9,8.4,0.0
812,Velveta,35,100,6.3,7.5,3.8
813,Yema,34,108,5.4,9.0,1.2
814,Yema de huevo,34,108,5.4,9.0,1.2
815,Yema de huevo en polvo,15,103,5.3,8.6,0.6
816,Aderezo blue cheese bajo en calorías,60,86,1.7,15.0,10.4
817,Aderezo de miel,64,70,2.5,2.4,10.7
818,Aderezo de miel y mostaza bajo en calorías,45,64,1.3,1.8,14.1
819,Aderezo francés bajo en calorías,60,79,0.0,3.4,13.1
820,Aderezo mil islas bajo en calorías,60,96,0.4,6.4,9.6
821,Aderezo ranch bajo en calorías,45,64,1.3,2.8,14.1
822,Aderezo ruso bajo en calorías,45,65,0.3,1.7,12.4
823,Aderezo tipo cesar bajo en calorías,45,87,1.5,7.3,2.9
824,Almendra con chocolate,15,77,1.4,5.6,6.6
825,Cacahuate confitado (chocolate),16,83,2.1,5.4,8.0
826,Chispas chocolate hershey,17,89,0.8,4.8,10.7
827,Chispas de chocolate,18,94,1.3,5.2,10.4
828,Chocolate amargo,14,70,0.7,4.4,8.0
829,Chocolate blanco,15,81,0.9,4.8,8.9
830,Chocolate blanco sin azúcar,19,90,1.7,6.7,9.9
831,Chocolate con almendra,15,77,1.3,5.0,7.8
832,Chocolate con arroz tostado,13,70,1.0,3.9,7.9
833,Chocolate con azúcar,15,70,0.6,2.5,11.3
834,Chocolate con galleta y caramelo,15,75,0.7,3.7,9.7
835,Chocolate con leche,15,64,1.4,1.6,11.1
836,Chocolate con leche con menos de! 10% proteínas,14,60,1.3,1.5,10.3
837,Chocolate con leche y almendras sin azúcar,15,86,1.5,6.3,6.0
838,Chocolate con nugat,19,87,0.8,3.3,13.6
839,Chocolate con nugat y cacahuate,19,90,1.4,4.5,11.5
840,Chocolate de coco y almendra,16,78,0.7,4.4,9.7
841,Chocolate de leche,17,88,1.3,4.9,9.8
842,Chocolate de menta,17,68,0.3,2.0,12.8
843,Chocolate en polvo con más del 10% proteínas,15,60,1.9,1.0,11.0
844,Chocolate en polvo con menos del 10% proteínas,12,48,0.9,0.4,10.1
845,Chocolate en polvo DICONSA,25,94,15.0,1.1,6.0
846,Chocolate en polvo sin azúcar,15,60,3.0,1.5,9.0
847,Chocolate fundido,14,59,0.3,1.5,10.9
848,Chocolate rallado,17,87,0.9,5.4,9.9
849,Chocolate semi amargo,17,81,0.7,5.1,10.7
850,Chocolate sin azúcar,15,85,2.1,5.8,6.1
851,Crema en polvo para café,18,98,0.9,6.4,9.9
852,Flan casero,61,89,2.8,2.5,13.9
853,Flan de caja preparado con leche descremada,61,63,1.8,1.1,11.5
854,Flan de caja preparado con leche entera,61,69,1.8,1.8,11.4
855,Jarabe de coco,85,83,0.4,3.9,6.5
856,Lunetas,16,79,0.7,3.4,11.4
857,Malvavisco con chocolate,14,59,0.6,2.4,9.5
858,Mayonesa baja en grasa,28,93,0.0,1.9,9.5
859,Mayonesa light,28,93,0.0,1.9,9.5
860,Menta cubierta con chocolate,14,55,0.2,1.5,10.9
861,Mole,48,79,1.7,5.3,6.2
862,Mole de pepita,16,82,0.9,5.0,8.2
863,Mole poblano,16,91,1.2,6.7,6.7
864,Mole poblano en pasta,16,91,1.2,6.7,6.7
865,Mole poblano preparado,48,79,1.7,5.3,6.2
866,Mousse de chocolate,50,71,1.0,2.3,11.5
867,Palanqueta de cacahuate,15,78,2.3,5.0,7.0
868,Paleta helada de café con cubieta de chocolate y almendras,21,74,1.0,5.3,5.5
869,Paleta helada de chocolate cubierta con chocolate,21,72,1.0,4.9,5.9
870,Paleta helada de crema con café cubierta de chocolate y almendras,21,74,1.0,5.3,5.5
871,Paleta helada de vainilla cubierta con chocolate,24,83,1.1,5.7,6.9
872,Paleta helada de vainilla cubierta con chocolate y almendras,23,80,1.0,5.8,5.8
873,Pipián,15,77,0.9,4.7,7.7
874,Rompope sin alcohol,64,86,2.4,4.8,8.6
875,Salsa de cebollín,25,63,0.3,4.7,3.3
876,Salsa de Epazote,40,82,1.3,6.2,4.7
877,Aderezos para ensalada bajos en calorías y grasa,85,40,0,0,8.0
878,Agua quina,117,42,0,0,11.1
879,Ate,13,41,0.4,0.1,9.8
880,Ate de guayaba,13,41,0.4,0.1,9.8
881,Ate de membrillo,13,41,0.4,0.1,9.8
882,Azúcar blanca,8,33,0,0,8.4
883,Azúcar de mesa,8,33,0,0,8.4
884,Azúcar glass,10,39,0,0,10.0
885,Azúcar granulada,8,33,0,0,8.4
886,Azúcar mascabado,10,36,0,0,9.1
887,Azúcar morena,9,34,0,0,8.8
888,Bebida láctea fermentada,80,50,0.9,0.2,11.7
889,Bebida para deportistas,152,40,0,0,9.8
890,Bebida para deportistas en polvo,10,36,0,0,9.5
891,Boost *,78,33,0.3,0,7.9
892,Burn *,62,36,0.2,0,9.0
893,Café capuchino helado,80,43,0.7,0.8,8.0
894,Café capuchino instantáneo,8,32,0.2,0.4,6.9
895,Cajeta,9,36,0.5,1,6.4
896,Caramelo,12,47,0,0,11.8
897,Caramelo de mantequilla,11,45,0,0.4,10.8
898,Caramelo macizo,12,47,0,0,11.8
899,Caramelo salvavidas,10,40,0,0,10.0
900,Cascara de naranja cristalizada,10,32,0,0,8.2
901,Chicle,15,37,0,0,9.9
902,Chicle bajo en azúcar,12,32,0,0,11.4
903,Chicloso,12,46,0.3,1.1,8.7
904,Chocolate en polvo sin azúcar,10,40,2,1,6.0
905,Cocoa en polvo,10,40,2,1,6.0
906,Cueritos de fruta,11,39,0,0.3,9.0
907,Flan en polvo,12,42,0,0,11.0
908,Fruta cristalizada,15,45,0.5,0.1,11.0
909,Gelatina,59,37,0.7,0,8.4
910,Gelatina de sabor en polvo,10,38,0.8,0,9.1
911,Gelatina en polvo para agua,10,38,0.8,0,9.1
912,Gelatina en polvo para leche,10,38,0.8,0,9.1
913,Gelatina preparada,72,45,0.9,0,10.2
914,Gomitas,12,42,0.5,0,10.2
915,Jalea,13,42,0,0,10.7
916,Jarabe de chocolate,18,49,0.4,0.2,11.4
917,Jarabe de sabor para preparar agua,17,41,0,0.1,11.2
918,Jugo de caña de azúcar,60,50,0.2,0.1,12.3
919,Jugo de ciruela pasa,64,45,0.4,0,11.2
920,Jugo de cítricos preparado con agua,80,37,0.2,0,9.2
921,Jugo de fruta concentrado,20,45,0.8,0.3,10.1
922,Jugo de frutas,80,40,0,0,10.0
923,"Jugo de zanahoria, manzana y 3 frutas cítricas",80,39,0,0,9.7
924,Leche condensada,11,36,0.9,1,6.1
925,Leche condensada light,16,45,1.4,0.1,9.6
926,Leche en polvo sabor chocolate con malbavisco,14,56,0.6,0.3,12.6
927,Leche en polvo sabor fudge de chocolate,14,56,0.6,0.3,12.6
928,Malvavisco,14,45,0.3,0,11.4
929,Malvavisco miniatura,13,40,0.2,0,10.2
930,Melaza,13,36,0,0,8.9
931,Mentas de caramelo,10,41,0,0,10.2
932,Mermelada,17,41,0.1,0,10.0
933,Mermelada con fructosa,43,40,0,0,10.0
934,"Mermelada de fruta, menos azúcar",30,40,0,0,9.9
935,Miel,14,43,0.0                    0.0,,11.5
936,Miel de abeja .,14,43,0,0,11.5
937,Miel de caña,12,35,0.1,0,8.7
938,Miel de maíz,12,36,0,0,9.0
939,Miel o jarabe sabor maple,12,31,0,0,8.1
940,Monster Energy *,96,72,0,0,11.0
941,Monster Kaos *,96,36,0.4,0,8.4
942,Mousse de chocolate sin grasa,50,47,1,0.2,10.4
943,Néctar de fruta,63,38,0.1,0,9.9
944,Nieve de frutas,40,40,0.2,0.1,9.7
945,Obleas de cajeta,7,30,0.7,0.7,5.3
946,Paleta de caramelo,12,44,0,0,11.8
947,Paleta helada de agua,52,41,0,0.1,10.0
948,Paleta helada de fruta,46,38,0.6,0.1,9.3
949,Paleta helada de fruta sin azúcar,153,36,0.9,0.3,9.6
950,Pasitas con chocolate,11,43,0.5,1.6,7.5
951,Piloncillo,10,36,0,0,9.1
952,Piloncillo rallado,10,36,0,0,9.1
953,Ponche de frutas,79,36,0,0,9.2
954,Queso de tuna,13,42,0.2,ND,10.3
955,Red Bull (bebida energetica),83,37,0.2,0.1,9.0
956,Refresco,92,38,0,0,9.7
957,Refresco de cola,92,38,0,0,9.7
958,Refresco de frutas,89,44,0,0,11.1
959,Salsa catsup,30,29,0.5,0.1,7.6
960,Salsa de manzana,16,42,0.1,0,10.7
961,Salsa de tamarindo,25,40,0.3,0.7,8.8
962,Salsa demiglass,63,36,1.3,0.5,7.5
963,So be rush,99,52,0.4,0,10.7
964,Té helado en polvo,10,41,0,0.1,10.1
965,Tribu (bebida energetica),83,40,0.3,0,9.2
966,Barra de granóla,21,101,2.2,4.2,13.7
967,Barrita de granóla con cacahuate,19,87,1.4,5.0,11.0
968,Barrita de granóla con choco chlp,28,119,2.1,4.7,19.6
969,Barrita de granóla con pasitas y nuez,21,97,1.7,4.4,13.5
970,Barrita de granóla cubierta con chocolate,21,98,1.1,5.3,13.4
971,Barritas de fresa,21,97,1.0,3.9,14.4
972,Base para pay,20,110,2.4,8.0,9.0
973,Bigotes de cajeta,23,104,2.4,5.1,9.1
974,Bigotes de chocolate,22,103,2.8,5.0,9.0
975,Bigotes miniatura de cajeta,26,119,2.0,5.8,10.5
976,Bisquet,33,118,1.5,5.4,15.8
977,Botana con proteína de amaranto,20,101,1.5,5.8,10.1
978,Brownie casero,24,112,1.4,7.0,12.0
979,Brownie comercial,28,114,1.5,4.6,17.9
980,Charritos de amaranto,20,101,1.9,5.8,10.1
981,Chicharrón de harina enchilado,20,92,2.5,4.8,10.8
982,"Concha, pan dulce",23,92,2.4,3.9,11.8
983,Croutones sazonados,23,105,1.2,4.1,14.3
984,Cubierta de nuez,27,109,0.0,5.9,19.3
985,Cubierta de queso crema para pasteles,25,105,2.3,4.4,16.9
986,Cuernito,28,115,3.2,6.0,13.0
987,Cuernito de manzana,43,109,19.6,3.8,15.9
988,Cuernito de queso,21,89,2.2,4.5,10.1
989,Cuerno,21,98,1.0,4.8,11.6
990,Dona,21,90,1.0,4.9,10.7
991,Dona azucarada,21,90,1.0,4.9,10.7
992,Dona glaseada,22,90,1.1,4.3,12.4
993,Dona glaseada de chocolate,22,103,1.3,6.7,10.4
994,Eclair de chocolate,29,98,0.8,4.6,12.8
995,Frituras de maíz con chile y limón,19,84,0.8,5.3,8.3
996,Frituras de maíz con limón y sal,19,84,1.3,5.3,8.3
997,Galleta con chispas de chocolate,21,105,1.2,5.3,13.8
998,Galleta cubierta de chocolate,21,103,1.5,5.0,14.2
999,Galleta de avena,24,108,1.0,4.4,16.5
1000,Galleta de avena con pasas,25,110,0.9,5.0,15.0
1001,Galleta de avena y manzana,24,108,2.1,3.5,17.6
1002,Galleta de crema de cacahuate,23,108,1.0,5.3,13.2
1003,Galleta de malvavisco con chocolate,26,110,1.5,4.4,17.6
1004,Galleta de nuez,23,110,1.5,4.5,15.8
1005,Galleta de salvado,38,111,2.2,5.3,12.8
1006,Galleta integral,25,119,1.9,4.5,17.3
1007,Galleta integral con miel,24,110,1.9,3.2,18.2
1008,Galleta integral de miel,24,110,2.4,3.2,18.2
1009,Galleta Integral de trigo,28,113,2.1,3.9,19.1
1010,Galleta integral molida,24,114,1.4,4.3,16.6
1011,Galleta salada cremosa,22,112,0.8,5.6,14.0
1012,Galleta sándwich,21,91,0.8,2.1,16.5
1013,Galleta sándwich de chocolate,21,91,0.8,2.1,16.5
1014,Galleta sándwich de vainilla,21,91,0.8,2.1,16.5
1015,Galleta wafers,21,105,2.5,4.5,15.8
1016,Granóla con almendras,21,98,2.3,3.5,14.1
1017,Granóla con avena y miel,21,96,2.1,4.0,13.7
1018,Granóla con pasltas y dátiles,21,92,2.3,2.9,15.2
1019,Granóla estándar,21,97,2.3,4.0,14.1
1020,Hojaldra,28,115,2.0,6.0,13.0
1021,Hot cake con mantequilla congelado,38,91,4.2,1.3,18.0
1022,Macarrón con queso,50,108,1.6,5.6,10.1
1023,Madalena,20,92,1.5,4.2,8.9
1024,Maíz palomero con ajo y hierbas homo de microondas,24,117,3.5,8.7,10.9
1025,Maíz palomero con mantequilla horno de microondas,38,115,3.2,2.6,25.4
1026,Muffin con mantequilla,42,125,2.0,3.8,20.1
1027,Muffin de bluebeny,38,104,2.2,2.4,18.1
1028,Muffin de maíz,38,115,2.0,3.2,19.1
1029,Muffin de manzana,33,113,1.3,5.3,15.3
1030,Muffin de plátano,28,109,2.0,4.9,15.5
1031,Muffin integral,29,92,2.0,2.5,15.5
1032,Muffin integral con pasas,29,92,1.7,2.5,15.5
1033,Nachos,21,106,1.0,5.5,13.3
1034,Oreja,17,81,1.0,4.4,9.6
1035,Orejas ele pan de dulce,17,81,2.0,4.4,9.6
1036,Palomitas con queso,21,110,2.0,7.0,10.8
1037,Pan de ajo,28,93,2.5,3.9,12.3
1038,Pan de ajo con queso,28,98,1.0,4.9,11.3
1039,"Pan de dulce, orejas",17,81,2.3,4.4,9.6
1040,Pan de muesli,26,88,2.5,3.4,12.2
1041,Pan tipo muffin con mantequilla,32,95,1.3,2.9,15.2
1042,Pan tipo muffin de fruta,28,109,2.2,4.9,15.5
1043,Pan tipo muffin de maíz,38,115,2.0,3.2,19.1
1044,Pan tipo muffin de manzana,32,112,2.0,5.3,15.2
1045,Pan tipo muffin integral,29,92,4.0,2.5,15.5
1046,Panqué,45,129,1.4,1.7,23.9
1047,Panqué de nata,23,97,1.1,5.6,10.7
1048,Panquecito cubierto de chocolate,24,86,1.1,3.0,14.2
1049,Panquecito cubierto de vainilla,33,119,1.1,3.8,20.6
1050,Panquecito de vainilla,33,119,1.6,3.8,20.6
1051,Papa congelada para freír,50,100,1.2,3.8,15.6
1052,Papa hash brown,39,100,1.1,4.9,13.7
1053,Papas fritas,18,100,1.2,6.9,9.2
1054,Papas fritas a la francesa,20,112,1.2,7.7,10.2
1055,Papas fritas bajas en grasa,21,105,1.2,5.4,13.6
1056,Papas fritas con crema ácida y cebolla,18,98,1.3,6.7,9.2
1057,Papas fritas con queso,18,99,1.1,6.7,9.1
1058,Papas fritas en juliana,30,100,1.1,5.6,11.9
1059,Papas fritas light,30,100,1.1,5.6,11.9
1060,Papas fritas reducidas en grasa,19,94,4.1,4.8,12.2
1061,Papilla de macarrones con pollo,195,101,1.1,2.9,14.6
1062,Pasta de hojaldre,20,108,1.1,8.2,7.6
1063,Pasta hojaldrada,20,108,1.1,8.2,7.6
1064,Pasta quebrada,20,108,2.1,8.2,7.6
1065,Pastel de chocolate,38,114,0.9,4.4,18.4
1066,Pastel de frutas,34,109,1.3,3.1,20.8
1067,Pastel de zanahoria,25,85,1.3,3.9,11.7
1068,Pastel de zanahoria con cubierta de queso crema,28,120,1.0,7.3,13.0
1069,Pastelito de chocolate con relleno cremoso,55,92,1.4,6.4,6.4
1070,Pastellto con relleno cremoso y mermelada,30,94,2.3,7.0,7.1
1071,Pastitas de mantequilla,24,110,2.0,4.3,16.3
1072,Pay de calabaza,50,105,1.0,4.8,13.7
1073,Pay de chocolate,38,115,0.9,7.3,12.7
1074,Pay de fresa,47,92,0.6,3.7,14.4
1075,Pay de limón con merengue,38,101,0.8,3.3,17.8
1076,Pay de manzana,42,99,0.8,4.6,14.2
1077,Pay de manzana congelado,42,99,1.1,4.6,14.2
1078,Pay de nuez,28,110,2.7,5.1,15.7
1079,Pay de pina,41,119,1.5,5.0,16.1
1080,Pay de queso,28,88,1.9,6.2,7.0
1081,Pay de queso con café,28,93,0.8,4.2,12.2
1082,Pay helado de limón,33,90,2.0,5.0,10.8
1083,Puré de papa,105,119,2.0,4.4,17.5
1084,Puré de papa preparado,105,119,1.6,4.4,17.5
1085,Roles de canela,29,116,1.8,5.6,15.6
1086,Roles de canela con pasas,29,109,1.6,4.8,14.9
1087,Roles de fruta,31,112,1.6,5.3,15.0
1088,Salsa gravie de champiñones,210,106,2.7,5.6,11.6
1089,Salsa gravie de pollo,119,94,2.3,6.8,6.4
1090,Salsa gravie de res,176,93,6.6,4.2,8.4
1091,Strudel de manzana,36,98,1.2,4.0,14.6
1092,Tamal de carne,40,102,3.1,6.0,8.8
1093,Tamal de elote,40,86,1.1,4.3,9.9
1094,Tamal de frijol,40,103,1.5,7.2,9.1
1095,Tamal de queso con rajas,40,104,2.0,7.1,9.1
1096,Tamal rojo,34,103,0.9,6.5,11.0
1097,Tamal verde,34,103,0.9,6.5,11.0
1098,Tostada,21,94,1.5,3.7,12.9
1099,Tostada rayada,22,98,1.6,3.9,13.5
1100,Tostada tipo Jalisco,22,98,1.6,3.9,13.5
1101,Totopos de maíz,20,101,1.4,5.3,12.7
1102,Trenza glaseada,22,89,0.7,4.0,12.9
1103,Trigo germinado,43,118,4.5,2.7,18.9
1104,Wafle,33,87,2.0,2.7,13.4
1105,Wafle con mantequilla,39,109,2.5,4.0,15.5
1106,Wafle con manzana y canela,39,110,2.5,3.9,16.5
1107,Wafle estilo casero,39,109,2.6,38.0,16.0
1108,Wafle integral,39,91,2.6,3.1,16.0
1109,Wafle miniatura,40,112,3.0,3.9,16.3
1110,Alegría natural,17,60,2.1,1.2,10.8
1111,Alegría tostada,16,63,2.2,1.3,11.7
1112,Amaranto cocido,330,70,7.0,0.5,13.5
1113,Amaranto tostado,16,63,2.2,1.3,11.6
1114,Arroz cocido,47,60,1.1,0.1,13.3
1115,Arroz crudo,20,72,1.3,0.1,15.9
1116,Arroz inflado con cocoa,17,64,0.9,0.2,14.7
1117,Arroz inflado natural,17,65,1.1,0.1,14.6
1118,Arroz integral cocido,65,73,1.5,0.5,15.3
1119,Arroz integral crudo,20,72,1.5,0.5,15.2
1120,Arroz precocido cocido,52,64,1.5,0.2,13.6
1121,Arroz precocido crudo,20,75,1.6,0.2,16.1
1122,Arroz pulido crudo,20,72,1.3,0.1,15.9
1123,Arroz salvaje cocido,54,55,2.1,0.2,11.6
1124,Arroz salvaje crudo,20,71,2.9,0.2,15.0
1125,Atole en polvo,18,68,0.0,0.0,16.4
1126,Atole en sobre,16,58,0.0,0.0,14.0
1127,Atole vitaminado,16,59,0.0,0.0,14.1
1128,Avena cocida,164,66,5.2,1.3,18.8
1129,Avena con canela y especias,15,56,1.3,0.7,11.7
1130,Avena con manzana y canela,14,53,1.2,0.7,10.9
1131,Avena con pasitas y especias,14,53,1.2,0.7,10.9
1132,Avena cruda,31,76,5.4,2.2,20.5
1133,Avena en hojuelas,27,65,4.6,1.9,17.6
1134,Avena instantánea preparada,28,68,4.8,2.0,18.2
1135,Avena integral,26,65,4.6,1.9,17.5
1136,Avena integral con pasitas instantánea preparada,22,77,1.7,0.9,16.4
1137,Bagel,24,65,2.5,0.4,12.6
1138,Bagel de ajo,24,67,2.5,0.4,12.9
1139,Bagel de ajonjolí,24,74,2.7,0.7,12.9
1140,Bagel de avena,24,60,2.5,0.3,12.6
1141,Bagel de canela y pasas,24,65,2.3,0.4,13.1
1142,Bagel de cebolla,24,74,2.7,0.7,12.9
1143,Bagel integral,24,60,2.5,0.3,12.6
1144,Baguette,27,72,2.2,1.0,13.4
1145,Barquillo,15,64,1.1,1.1,12.0
1146,Barrita de avena,14,56,0.8,1.1,11.1
1147,Barrita de granóla sabor manzana,14,55,0.8,1.0,11.3
1148,Birote,22,67,2.1,0.0,14.1
1149,Bolillo,20,61,1.9,0.0,12.8
1150,Bolillo integral,20,64,2.1,0.1,13.4
1151,Bolillo integral sin migajón,20,64,2.1,0.1,13.4
1152,Bolillo sin migajón,20,61,1.9,0.0,12.8
1153,Bollo de hamburguesa,25,65,2.4,1.1,12.5
1154,Bollos para hamburguesa,25,65,2.4,1.1,12.5
1155,Burbujas de maíz azucaradas,16,59,0.7,0.1,14.0
1156,Camote al horno,70,70,1.2,0.1,16.4
1157,Camote amarillo,46,57,0.6,0.4,12.9
1158,Camote cocido,53,55,0.9,0.2,12.7
1159,Camote con miel,45,45,0.3,0.0,10.9
1160,Camote con naranja,50,77,0.2,0.0,19.0
1161,Camote en dulce,52,71,0.4,1.7,14.5
1162,Camote largo,59,73,0.8,0.5,16.6
1163,Camote poblano (dulce),45,62,0.4,1.5,12.6
1164,Canelones,20,68,1.9,0.1,14.6
1165,Cáscara de papa cruda,125,73,3.2,0.1,15.6
1166,Cebada,20,69,2.2,0.5,15.3
1167,Cebada perla cocida,52,64,1.2,0.2,14.8
1168,Centeno,22,72,2.6,0.4,15.9
1169,Cereal con almendras y pasas,19,70,1.5,0.7,16.5
1170,Cereal de arroz,17,67,1.4,0.5,14.1
1171,Cereal de arroz inflado con chocolate,16,62,1.1,0.6,13.8
1172,Cereal de avena con maple,27,65,4.6,1.9,17.6
1173,Cereal de avena integral seco,19,71,2.9,1.0,13.8
1174,Cereal de salvado de trigo,21,54,2.6,0.7,15.3
1175,Cereal de trigo con canela,13,58,0.4,1.6,10.7
1176,Cereal de trigo sabor frutas,15,60,0.5,0.8,13.0
1177,Cereal integral con pasitas,20,66,2.0,0.5,15.7
1178,Cereal multigrano,20,67,2.3,0.5,14.7
1179,Cereal sin azúcar,14,51,1.2,0.1,12.0
1180,Codito crudo,20,74,2.5,0.2,15.0
1181,Coditos con crema deshidratados,15,61,1.9,1.5,9.6
1182,Crepas,30,69,1.6,1.0,13.1
1183,Crepas para rellenar,30,69,2.3,1.4,11.6
1184,Crepas saladas,30,69,1.6,1.0,13.1
1185,Croutones,15,61,1.8,1.0,11.1
1186,Cuadritos de avena,19,71,2.9,1.0,13.8
1187,Cuadritos de avena con salvado,19,71,2.9,1.0,13.8
1188,Cubierta de chocolate,18,72,0.0,2.0,13.7
1189,Cubierta de fresa,27,68,0.1,0.0,17.7
1190,Cubierta de pifia,27,67,0.0,0.0,17.7
1191,Cúrcuma,138,73,5.6,0.0,13.2
1192,Elote amarillo cocido,66,71,2.2,0.8,16.6
1193,Elote amarillo congelado,71,70,2.3,0.6,16.7
1194,Elote amarillo crudo,71,61,2.3,0.9,17.7
1195,Elote amarillo desgranado cocido,83,66,2.3,0.4,16.2
1196,Elote amarillo desgranado crudo,83,66,2.3,0.4,16.2
1197,Elote amarillo enlatado,82,66,2.1,0.8,15.2
1198,Elote blanco cocido,82,70,2.6,1.0,15.5
1199,Elote blanco desgranado,83,66,2.3,0.4,16.2
1200,Elote crudo,82,70,2.6,1.0,15.5
1201,Elote desgranado,83,66,2.3,0.4,16.2
1202,Elote enlatado,82,66,2.1,0.8,15.2
1203,English muffin,29,67,2.2,0.5,13.1
1204,Espagueti cocido,46,57,2.5,0.2,12.3
1205,Espagueti cocido,47,58,2.5,0.3,12.4
1206,Espagueti con espinaca cocido,47,61,2.1,0.3,12.2
1207,Espagueti con espinaca cocido,47,61,2.1,0.3,12.2
1208,Espagueti crudo,20,70,2.9,0.3,15.0
1209,Espagueti crudo,20,70,2.9,0.3,15.0
1210,Espagueti integral cocido,46,57,2.5,0.3,12.3
1211,Espagueti integral cocido,47,58,2.5,0.3,12.4
1212,Espagueti integral crudo,20,70,2.9,0.3,15.0
1213,Fécula de maíz,16,60,0.0,0.0,14.4
1214,Fécula de maíz de sabor,16,60,0.0,0.0,14.4
1215,Fetuccini crudo,20,70,2.7,0.5,14.1
1216,Fideo cocido,20,74,2.5,0.2,15.0
1217,Fideo con tomate deshidratado,20,72,2.6,1.0,13.3
1218,Fideo crudo,20,72,2.7,0.5,14.5
1219,Fideo seco deshidratado,20,72,2.6,1.0,13.3
1220,Fruitcake,20,65,0.6,1.8,12.3
1221,Fusili cocido,46,57,2.5,0.2,12.3
1222,Fusili crudo,20,70,2.9,0.3,15.0
1223,Galleta barras de higo,16,56,0.6,1.2,11.3
1224,Galleta de animalitos,15,68,1.1,2.1,11.3
1225,Galleta de manzana,19,65,0.7,0.0,15.6
1226,Galleta dulce,16,64,1.5,1.7,10.7
1227,Galleta dulce sin relleno,16,64,1.5,1.7,10.7
1228,Galleta maría,19,69,1.3,1.3,13.8
1229,Galleta para sopa ,19,75,1.3,1.9,13.8
1230,Galleta salada,16,69,1.4,2.1,11.2
1231,Galleta salada integral,16,70,1.6,1.9,11.2
1232,Galleta salada molida,12,52,1.1,1.6,8.4
1233,Galletas de Animalitos Adicionadas,19,72,1.3,0.6,15.6
1234,Galletas Marías,19,69,1.3,1.3,13.8
1235,Galletas Marías Adicionadas,19,76,1.3,1.3,15.0
1236,Galletas Marías azucaradas,16,63,1.0,1.5,11.5
1237,Gluten de trigo,18,68,7.5,0.3,8.5
1238,Granóla baja en grasa,18,70,1.5,1.1,14.4
1239,Granóla con fruta seca baja en grasas,18,69,1.3,0.8,14.4
1240,Harina,20,73,2.1,0.2,15.3
1241,Harina adicionada,20,73,2.1,0.2,15.3
1242,Harina blanca,20,73,2.1,0.2,15.3
1243,Harina blanca adicionada,20,73,2.1,0.2,15.3
1244,Harina blanca refinada,20,73,2.1,0.2,15.3
1245,Harina de amaranto,19,68,2.7,1.0,11.9
1246,Harina de arroz,20,72,1.4,0.6,15.1
1247,Harina de arroz refinada,20,75,1.2,0.3,16.3
1248,Harina de cebada,18,62,2.2,0.3,10.9
1249,Harina de centeno,18,63,2.1,0.3,13.6
1250,Harina de centeno integral,20,65,2.8,0.5,13.8
1251,Harina de maíz,18,65,1.7,0.7,13.6
1252,Harina de maíz adicionada,20,72,2.0,0.8,14.7
1253,Harina de maíz nixtamalizada,18,65,1.7,0.7,13.6
1254,Harina de maíz para atole,19,75,1.5,1.0,14.8
1255,Harina de maíz para tamales,18,77,1.7,0.8,15.9
1256,Harina de maíz vitaminada,20,72,2.0,0.8,14.7
1257,Harina de papa,19,66,1.5,0.1,15.0
1258,Harina de trigo,20,71,2.0,0.2,14.9
1259,Harina de trigo adicionada,20,71,2.0,0.2,14.9
1260,Harina de trigo integral,19,64,2.6,0.3,13.6
1261,Harina de trigo para panificación,17,62,2.1,0.3,12.4
1262,Harina de trigo para pastelería,17,62,1.4,0.1,13.3
1263,Harina integral,19,64,2.6,0.3,13.6
1264,Harina integral de trigo,19,64,2.6,0.3,13.6
1265,Harina integral ele centeno,20,65,2.8,0.5,13.8
1266,Harina nixtamalizada,18,67,1.3,0.8,13.8
1267,Harina para brownies,13,60,0.7,2.3,9.0
1268,Harina para brownies baja en grasas,18,61,0.9,1.2,12.6
1269,Harina para hot calces,18,61,1.7,0.2,13.3
1270,Harina para repostería,16,60,1.7,0.2,12.6
1271,Harina para tamales,14,62,1.4,0.7,12.7
1272,Hojuelas de arroz,16,55,3.2,0.2,11.2
1273,Hojuelas de avena,26,65,4.6,1.9,17.5
1274,Hojuelas de avena con maple,26,65,4.6,1.9,17.5
1275,Hojuelas de cereales con fruta seca,18,70,1.3,1.0,14.0
1276,Hojuelas de papa para puré,20,71,1.7,0.1,16.2
1277,Hojuelas de trigo,18,59,1.8,0.3,14.1
1278,Hojuelas de trigo con miel,18,62,1.6,0.4,14.3
1279,Hojuelas ele cereales con frutas secas,18,70,1.3,1.0,14.0
1280,Hojuelas ele maíz,13,51,1.1,0.0,11.4
1281,Hojuelas ele maíz azucaradas,13,52,0.7,0.2,11.9
1282,Hojuelas ele maíz y trigo con fruta y nueces,18,70,1.3,1.0,14.0
1283,"Hojuelas fortificadas ele trigo entero, almendras, nueces y miel",15,58,1.5,1.3,11.4
1284,Hot cake,38,69,2.5,2.3,9.7
1285,Hot cake congelado,29,65,1.5,1.0,12.4
1286,Lasagna cruda,20,68,1.9,0.1,14.6
1287,Lasagna integral cruda,20,68,1.9,0.1,14.6
1288,Lasaña cruda,20,68,1.9,0.1,14.6
1289,Macarrón cocido,47,66,2.2,0.3,13.2
1290,Macarrón crudo,20,68,1.9,0.1,14.6
1291,Macarrón integral cocido,47,58,2.5,0.3,12.4
1292,Maicena,16,60,0.0,0.0,14.4
1293,Maicena de sabor,16,60,0.0,0.0,14.4
1294,Maíz,18,67,2.2,0.9,13.0
1295,Maíz amarillo,18,67,2.2,0.9,13.0
1296,Maíz amarillo cocido,18,67,2.2,0.9,13.0
1297,Maíz azul,18,67,1.5,0.8,13.7
1298,Maíz blanco,18,67,2.2,0.9,13.0
1299,Maíz blanco cocido,19,68,2.2,0.9,13.3
1300,Maíz cacahuazintle,18,67,2.2,0.9,13.0
1301,Maíz cacahuiacintle,18,67,2.2,0.9,13.0
1302,Maíz palomero,20,73,2.4,0.9,14.2
1303,Maíz pozolera,54,58,1.8,0.7,13.6
1304,Maizena,16,60,0.0,0.0,14.4
1305,Maizena,16,60,0.0,0.0,14.4
1306,Malanga,56,68,2.2,0.1,15.0
1307,Masa de maíz,45,69,1.6,0.9,14.3
1308,Masa de maíz amarillo,39,74,1.7,0.9,15.0
1309,Masa de maíz blanco,45,69,1.6,0.9,14.3
1310,Masa para tortillas,45,69,1.6,0.9,14.3
1311,Masa Yucatán,40,69,1.8,0.5,14.6
1312,Media noche,22,55,2.0,1.0,10.5
1313,Media noche con ajonjolí,22,55,2.0,1.0,10.5
1314,Mueslix con manzana y almendra,18,68,1.7,1.6,13.2
1315,Nixtamal,45,69,1.6,0.9,14.3
1316,Ñame,86,66,1.9,0.1,15.1
1317,Palitos de pan,18,74,2.2,1.7,12.3
1318,Palitos de pan con ajo,14,55,1.8,0.5,10.4
1319,Palomitas,18,70,3.5,0.0,14.0
1320,Palomitas acarameladas,12,50,0.4,1.5,9.1
1321,Palomitas acarameladas sin grasa,13,46,1.2,0.0,6.7
1322,Palomitas fat free,18,70,3.5,0.0,14.0
1323,Palomitas naturales,18,70,3.5,0.0,14.0
1324,Palomitas sin grasa,18,70,3.5,0.0,14.0
1325,Pambazo,25,77,2.4,0.1,16.2
1326,Pan 5 granos,26,65,2.6,1.0,12.1
1327,Pan 7 granos,26,65,2.6,1.0,12.1
1328,Pan ácimo,20,57,1.3,1.0,11.1
1329,Pan árabe,29,65,3.0,0.5,15.0
1330,Pan árabe integral,21,56,2.1,0.6,11.6
1331,Pan bagel dulce,23,64,2.3,0.4,12.9
1332,Pan bagel integral,23,60,2.5,0.3,12.5
1333,Pan bagel salado,23,64,2.5,0.4,12.5
1334,Pan baguette,27,72,2.2,1.0,13.4
1335,Pan birote,22,67,2.1,0.0,14.1
1336,Pan blanco,27,71,2.2,0.8,13.6
1337,Pan blanco enriquecido,27,71,2.2,0.8,13.6
1338,Pan centeno,21,55,1.8,0.7,10.2
1339,Pan con salvado,27,67,2.4,0.9,12.9
1340,Pan de 5 granos,25,62,2.4,2.1,9.6
1341,Pan de 7 granos,26,65,2.6,1.0,12.1
1342,Pan de avena,30,71,3.1,1.3,11.9
1343,Pan de caja,27,71,2.2,0.8,13.6
1344,Pan de caja integral,25,67,2.4,1.0,12.6
1345,Pan de centeno y comino,20,55,1.7,0.5,11.0
1346,Pan de centeno y trigo,28,73,2.6,0.2,15.0
1347,Pan de dulce,16,62,1.5,1.9,9.9
1348,Pan de dulce miniatura,14,52,1.2,1.6,8.2
1349,Pan de girasol integral,25,57,2.1,1.4,9.7
1350,Pan de hamburguesa chico,26,67,2.5,1.1,12.9
1351,Pan de hot dog,22,55,2.0,1.0,10.5
1352,Pan de hot dog con ajonjolí,22,55,2.0,1.0,10.5
1353,Pan de jengibre,25,72,0.9,2.2,11.9
1354,Pan de miel y avena,28,71,3.0,1.1,12.7
1355,Pan de plátano,21,68,0.9,2.2,11.5
1356,Pan de trigo con arroz,21,59,1.4,1.5,10.2
1357,Pan dulce,16,62,1.5,1.9,9.9
1358,Pan francés,23,65,2.2,0.9,11.9
1359,Pan francés congelado,30,63,2.2,1.8,9.5
1360,Pan integral,25,67,2.4,1.0,12.6
1361,Pan integral enriquecido,25,67,2.4,1.0,12.6
1362,Pan matza,14,56,1.4,0.2,11.9
1363,Pan melba,15,60,1.8,0.6,11.4
1364,Pan molido,16,66,2.1,1.0,11.8
1365,Pan negro,26,69,2.1,0.5,15.2
1366,Pan negro con trigo,25,65,2.0,0.5,14.6
1367,Pan para hamburguesa chico,26,67,2.5,1.1,12.9
1368,Pan para hamburguesa grande,25,65,2.4,1.1,12.5
1369,Pan para pambazo,19,58,1.8,0.0,12.2
1370,Pan tipo «english muffin»,29,67,2.2,0.5,13.1
1371,Pan tipo media noche,22,55,2.0,1.0,10.5
1372,Pan tostado,20,82,2.6,1.3,14.8
1373,Panqué de limón,15,55,1.2,0.0,12.9
1374,Panqué enriquecido,23,65,2.0,0.9,12.0
1375,Panquecito de chocolate,20,60,0.8,0.7,13.3
1376,Papa,105,72,1.8,0.1,16.4
1377,Papa al horno con cáscara,78,73,1.5,0.1,16.8
1378,Papa al horno sin cáscara,78,73,1.6,0.1,16.8
1379,Papa alfa,105,72,1.8,0.1,16.4
1380,Papa amarilla,105,72,1.8,0.1,16.4
1381,Papa blanca,105,72,1.8,0.1,16.4
1382,Papa cocida,85,73,1.5,0.1,17.1
1383,Papa cocida sin cáscara,63,54,1.1,0.1,12.6
1384,Papa de agua,78,71,2.6,0.2,15.5
1385,Papa de cambray,94,72,1.5,0.1,16.5
1386,Papa hervida con piel,68,59,1.3,0.1,13.7
1387,Papa hervida pelada,63,54,1.1,0.1,12.6
1388,Papa picada,105,72,1.8,0.1,16.4
1389,Papa roja cruda,85,60,1.6,0.1,13.5
1390,Papas hojuelas para puré,20,71,1.7,0.1,16.2
1391,Papilla de arroz,17,67,1.4,0.5,14.1
1392,Papilla de arroz deshidratada,20,78,1.4,1.0,15.5
1393,Papilla de avena deshidratada,20,74,1.3,0.3,16.0
1394,Papilla de maíz deshidratada,21,72,1.8,0.2,16.6
1395,Pasta chica cruda,20,68,1.9,0.1,14.6
1396,Pasta cocida,60,78,3.2,1.1,14.0
1397,Pasta con espinaca cruda,19,71,2.5,0.3,14.2
1398,Pasta con espinacas,15,55,1.8,0.2,11.1
1399,Pasta con huevo,15,57,1.9,0.6,11.0
1400,Pasta cruda para sopa,20,68,1.9,0.1,14.6
1401,Pasta de codito,20,74,2.5,0.2,15.0
1402,Pasta de estrellitas,19,69,2.3,0.2,14.1
1403,Pasta de lagrimitas,19,69,2.3,0.2,14.1
1404,Pasta de letras,19,69,2.3,0.2,14.1
1405,Pasta de moño,20,74,2.5,0.2,15.0
1406,Pasta de municiones,19,69,2.3,0.2,14.1
1407,Pasta de trigo cocida,60,78,3.2,1.1,14.0
1408,Pasta de trigo fresca,25,72,2.8,0.6,13.7
1409,Pasta fresca,25,72,2.8,0.6,13.7
1410,Pasta integral cocida,46,57,2.5,0.3,12.3
1411,Pasta mediana cruda,15,57,1.9,0.6,11.0
1412,Pasta para sopa,20,65,2.7,0.1,14.5
1413,Pasta para sopa adicionada DICONSA,20,78,2.5,0.3,16.2
1414,Pasta tornillo cocida,15,57,1.9,0.6,11.0
1415,Pastel ángel,20,52,1.2,0.1,11.7
1416,Pay de crema de limón,26,66,1.0,1.3,12.5
1417,Peneques,26,58,1.5,0.4,12.3
1418,Pinole,16,62,1.7,1.0,12.1
1419,Pretzels,19,72,1.7,0.7,15.1
1420,Pudín de chocolate en polvo,17,59,0.4,0.3,14.5
1421,Pudín de coco en polvo,17,65,0.2,0.7,14.9
1422,Pudín de limón en polvo,17,63,0.0,0.1,15.9
1423,Pudín de plátano en polvo,17,61,0.0,0.1,15.5
1424,Pudín de vainilla en polvo,17,61,0.0,0.1,15.5
1425,Puré de camote,60,60,1.2,0.1,13.8
1426,Puré de camote con naranja,50,77,0.2,0.0,19.0
1427,Puré de papa hojuelas,30,106,2.5,0.1,24.4
1428,Raíz de Chayóte,88,70,1.8,0.2,15.0
1429,Ravioles de espinaca crudos,25,66,2.9,0.6,12.1
1430,Ravioles de huitlacoche crudos,30,74,2.9,0.6,14.2
1431,Ravioles de requesón crudos,25,65,2.6,0.5,12.4
1432,Ravioles de verdura crudos,25,66,2.9,0.6,12.1
1433,Sagú,44,70,1.1,0.0,16.3
1434,Salvado de maíz,29,64,2.4,0.2,24.4
1435,Salvado de trigo,31,66,4.8,1.3,19.8
1436,Semolina enriquecida,20,72,2.5,0.2,14.6
1437,Sopa instantánea ramen sin preparar,51,68,2.0,1.0,11.6
1438,Sorgo,18,61,2.0,0.6,13.4
1439,Tallarín crudo,20,74,2.5,0.2,15.0
1440,Tallarín rojo cocido,15,55,1.8,0.2,11.1
1441,Tallarín verde cocido,15,55,1.8,0.2,11.1
1442,Tapioca,19,65,0.0,0.0,16.2
1443,Telera,23,62,1.8,0.8,11.5
1444,Tortilla,30,64,1.4,0.5,13.6
1445,Tortilla de harina,14,44,1.0,1.1,7.5
1446,Tortilla de harina integral,25,76,2.1,2.5,11.7
1447,Tortilla de maíz,30,64,1.4,0.5,13.6
1448,Tortilla de maíz amarillo,32,68,1.5,0.6,14.5
1449,Tortilla de maíz azul o negro,24,62,1.2,0.6,13.0
1450,Tortilla de maíz blanco,30,67,1.8,0.5,14.2
1451,Tortilla de maíz nixtamalizada,30,53,1.3,0.5,10.2
1452,Tortilla de maíz y soya,33,75,2.2,1.4,13.8
1453,Tortilla de maíz y trigo,32,73,3.2,0.5,14.9
1454,Tortilla integral de harina,25,76,2.1,2.5,11.7
1455,Trigo,21,71,2.2,0.5,15.4
1456,Trigo cocido,21,70,2.2,0.5,15.1
1457,Trigo entero,19,63,2.0,0.5,13.8
1458,Trigo triturado,20,66,2.1,0.5,14.3
1459,Yuca,60,72,0.6,0.4,16.8
1460,Yuquilla,138,73,5.6,0.0,13.2
1461,Agua de coco,360,65,1.1,0.7,16.9
1462,Anona,59,59,1.0,0.4,14.7
1463,Arándano fresco,123,56,0.5,0.2,14.9
1464,Aricóte,90,59,1.1,0.1,15.0
1465,Blueberries,107,61,0.7,0.4,15.4
1466,Breba,192,63,1.0,0.2,16.1
1467,Caimito blanco o morado,130,68,1.7,2.2,12.2
1468,Calabaza melón,98,58,2.8,0.9,11.2
1469,Caña de azúcar,100,64,0.5,0.5,17.2
1470,Capulín,96,63,1.4,0.0,16.1
1471,Carambolo,171,53,1.8,0.6,11.5
1472,Cereza,88,56,0.9,0.2,14.7
1473,Chabacano,126,61,1.8,0.5,14.0
1474,Chagua,150,114,15.8,1.3,14.0
1475,Chicozapote,75,62,0.3,0.8,14.9
1476,Chirimoya,56,53,0.7,0.2,13.4
1477,Ciruela criolla roja o amarilla,158,73,1.1,0.4,18.1
1478,Ciruela pasa deshuesada,56,60,0.5,0.1,15.7
1479,Cocoyol,38,66,2.2,3.3,8.4
1480,Coloc,60,61,1.1,0.3,15.4
1481,Cundeamor,450,32,3.9,0.7,15.9
1482,Dátil seco,17,46,0.3,0.0,12.4
1483,Durazno amarillo,153,60,1.4,0.2,14.6
1484,Durazno prisco,132,51,1.2,0.1,12.5
1485,Frambuesa,123,64,1.5,0.8,14.7
1486,Fresa entera,204,65,1.4,0.6,15.7
1487,Fresa rebanada,166,53,1.1,0.5,12.7
1488,Fruta de la pasión,58,56,1.3,0.4,13.5
1489,Fruta picada,140,59,0.7,0.3,14.7
1490,Fruto del pan,74,60,1.0,0.4,14.9
1491,Gajos de mandarina,105,56,0.9,0.3,14.0
1492,Gajos de naranja,113,53,1.0,0.1,13.3
1493,Gajos de toronja,150,50,0.8,0.2,12.6
1494,Giotilla,130,66,2.3,1.0,13.9
1495,Granada china,67,65,1.5,0.5,15.7
1496,Granada roja,87,44,0.9,0.3,15.5
1497,Guanábana,238,90,1.0,3.8,15.5
1498,Guanábana cimarrona,238,90,1.0,3.8,15.5
1499,Guayaba,124,63,1.0,0.7,14.8
1500,Guayaba rosa,77,52,2.0,0.7,11.0
1501,Higo,72,53,0.6,0.1,13.8
1502,Higo deshidratado,19,47,0.6,0.2,11.9
1503,Jinicuil,50,73,6.0,0.5,13.5
1504,Jugo de limón,180,45,0.7,0.0,15.6
1505,Jugo de mandarina natural,120,46,0.8,0.0,11.3
1506,Jugo de mango,120,61,0.1,0.1,15.7
1507,Jugo de naranja natural,120,54,0.8,0.2,12.5
1508,Jugo de papaya,79,45,0.1,0.1,11.5
1509,Jugo de toronja natural,120,47,0.6,0.1,11.0
1510,Jugo ele mamey,80,52,0.6,0.1,12.5
1511,Kiwi,114,69,1.2,0.6,16.6
1512,Lichis,90,59,0.7,0.3,14.9
1513,Lima,147,44,1.0,0.3,15.5
1514,Limón real,153,31,1.8,0.5,16.4
1515,Mamey,85,58,1.4,0.5,13.7
1516,Manche agrio,122,66,1.3,1.6,13.9
1517,Mandarina,128,68,1.0,0.4,17.0
1518,Mandarina reyna,142,75,1.2,0.4,18.9
1519,Mango ataulfo,62,40,0.3,0.2,10.5
1520,Mango criollo,162,57,1.3,0.0,14.6
1521,Mango en almíbar enlatado,61,56,0.3,0.1,15.0
1522,Mango manila,145,62,1.2,0.0,16.1
1523,Mango petacón,110,72,0.6,0.3,12.9
1524,Mango picado,165,58,1.3,0.0,14.9
1525,Manzana,106,55,0.3,0.2,14.7
1526,Manzana al vapor,86,44,0.2,0.1,11.7
1527,Manzana amarilla,100,65,0.3,0.3,16.5
1528,Manzana cocida,86,44,0.2,0.1,11.7
1529,Manzana deshidratada,23,55,0.2,0.1,15.0
1530,Manzana en almíbar,24,54,0.0,0.0,15.7
1531,Manzana en almíbar enlatada,24,54,0.0,0.0,15.7
1532,Manzana goiden,100,65,0.3,0.3,16.5
1533,Manzana granny,71,42,0.2,0.3,10.8
1534,Manzana picada,75,44,0.2,0.3,11.4
1535,Manzana roja,107,63,0.2,0.4,16.3
1536,Manzana sin cáscara,128,73,0.2,0.4,19.0
1537,Manzana verde,71,42,0.2,0.3,10.8
1538,Manzana Washington,71,42,0.2,0.3,10.8
1539,Maracuyá,53,51,1.2,0.4,12.3
1540,Maracuyá rebanado,69,66,1.5,0.5,16.0
1541,Marañón fresco,171,62,1.5,0.5,14.4
1542,Melón,179,61,1.5,0.3,14.6
1543,Melón cantaloupe,179,61,1.5,0.3,14.6
1544,Melón chino,144,52,0.8,0.2,13.1
1545,Melón picado,160,54,1.3,0.3,13.1
1546,Melón valenciano,179,61,1.5,0.3,14.6
1547,Melón valenciano picado,160,54,1.3,0.3,13.1
1548,Melón verde picado,160,58,0.9,0.2,14.5
1549,Membrillo,98,56,0.4,0.1,15.0
1550,Moras,108,67,2.2,0.6,14.9
1551,Naranja,152,72,1.4,0.2,18.0
1552,Naranja agria,126,73,1.9,0.8,14.9
1553,Naranja cajera,139,69,1.4,1.0,16.4
1554,Naranja china,129,48,2.1,0.4,15.2
1555,Naranja sin semilla,155,72,1.1,0.6,18.3
1556,Naranja valenciana,162,79,1.7,0.5,19.1
1557,Naranjada concentrada,130,57,1.0,0.2,13.2
1558,Nectarina,124,54,1.3,0.4,13.1
1559,Níspero,140,59,0.1,1.2,13.3
1560,Níspero del Japón,108,52,0.4,0.2,13.4
1561,Orejones de chabacano,25,59,0.8,0.1,15.3
1562,Orejones de durazno,26,62,0.9,0.2,15.9
1563,Orejones de manzana,23,55,0.2,0.1,14.8
1564,Orejones de pera,18,47,0.3,0.1,12.5
1565,Papaya hawaiana,114,45,0.7,0.2,11.2
1566,Papaya picada,140,55,0.8,0.1,13.7
1567,Papilla de chabacano con tapioca,98,61,0.3,0.0,16.9
1568,Papilla de ciruela pasa con tapioca,98,68,0.6,0.1,18.2
1569,Papilla de durazno,98,63,0.9,0.3,14.1
1570,Papilla de frutas mixtas,98,59,0.2,0.0,16.0
1571,Papilla de guayaba y papaya con tapioca,98,61,0.2,0.1,16.6
1572,Papilla de mango con tapioca,85,59,0.3,0.2,16.1
1573,Papilla de manzana,85,61,0.3,0.0,16.6
1574,Papilla de manzana y chabacano,130,61,0.3,0.3,16.1
1575,Papilla de pera,98,56,0.3,0.1,13.3
1576,Papilla de pera y pina,130,57,0.4,0.3,14.8
1577,Papilla de plátano y piña con tapioca,98,66,0.2,0.1,17.9
1578,Pasas,20,59,0.5,0.1,15.7
1579,Pasitas,20,59,0.5,0.1,15.7
1580,Pasitas sin semilla,20,60,0.6,0.1,15.8
1581,Pera,81,47,0.3,0.1,12.5
1582,Pera asiática,117,49,0.6,0.3,12.4
1583,Pera bartlett,77,45,0.3,0.1,12.0
1584,Pera d'anjou,81,47,0.3,0.1,12.5
1585,Pera de agua,74,43,0.3,0.1,11.4
1586,Pera de San Juan,105,61,0.4,0.1,16.3
1587,Pera deshidratada,18,46,0.3,0.1,12.2
1588,Pera en almíbar,76,44,0.3,0.1,11.7
1589,Pera mantequilla,70,41,0.3,0.1,10.8
1590,Pera picada,150,63,0.8,0.3,16.0
1591,Pera piña,80,46,0.3,0.1,12.4
1592,Pera rebanada,98,41,0.5,0.2,10.4
1593,Pera roja,81,47,0.3,0.1,12.5
1594,Pera roja rebanada,80,46,0.3,0.1,12.4
1595,Perón,105,65,0.4,0.4,16.7
1596,Perón picado,94,58,0.4,0.4,14.9
1597,Pérsimo,50,64,0.4,0.2,16.8
1598,Pérsimo japonés,84,59,0.5,0.2,15.6
1599,Piña en almíbar,50,42,0.2,0.1,10.8
1600,Piña en almíbar,63,53,0.2,0.1,13.6
1601,Piña picada,124,62,0.7,0.1,16.2
1602,Piña rebanada,84,42,0.5,0.1,11.0
1603,Pitahaya,108,52,1.7,0.6,11.2
1604,Plátano,54,48,0.6,0.2,12.4
1605,Plátano deshidratado,20,69,0.8,0.4,17.7
1606,Plátano dominico,57,54,1.0,0.1,14.0
1607,Plátano machacado,56,50,0.6,0.2,12.8
1608,Plátano macho,49,95,0.5,0.2,11.6
1609,Plátano macho rebanado,51,99,0.5,0.3,12.0
1610,Plátano manzano,49,47,0.5,0.3,11.8
1611,Plátano morado,49,41,0.9,0.1,10.3
1612,Pomarosa,95,60,0.6,0.2,15.6
1613,Pomelo,153,58,0.9,0.2,14.7
1614,Prisco,154,59,0.9,0.2,14.9
1615,Pulpa de fresa,25,44,0.1,0.1,11.9
1616,Pulpa de guanábana,25,45,0.1,0.1,12.3
1617,Pulpa de mamey,75,52,1.3,0.5,12.2
1618,Pulpa de tamarindo,100,57,0.1,0.1,14.7
1619,Pulpa de zapote negro,105,59,0.8,0.1,15.2
1620,Puré de ciruela pasa,41,51,0.5,0.1,13.6
1621,Puré de guayaba,65,49,0.1,0.1,12.0
1622,Puré de Guayaba Gerber 2A Etapa,65,49,0.1,0.1,12.0
1623,Puré de manzana,83,63,0.1,0.1,16.4
1624,Puré de manzana sin azúcar,122,52,0.2,0.1,13.8
1625,Puré de plátano,56,50,0.6,0.2,12.8
1626,Rambután,88,55,0.6,0.3,15.0
1627,Rollo de frutas,21,78,0.0,0.6,18.0
1628,Sandía picada,160,48,1.0,0.2,12.1
1629,Sandía rebanada,200,60,1.3,0.3,15.1
1630,Saramuyo,85,63,1.8,0.8,13.8
1631,Semilla de jinicuil,40,58,4.8,0.4,10.8
1632,Tamarindo,25,60,0.7,0.1,15.6
1633,Tamarindo (pulpa sin azúcar),100,57,0.1,0.1,14.7
1634,Tamarindo pelado,30,72,0.9,0.2,18.8
1635,Tangerina,128,56,0.6,0.3,15.3
1636,Tejocote,60,52,0.5,0.4,13.1
1637,Toronja,162,54,0.9,0.2,13.7
1638,Toronja en gajos,150,50,0.8,0.2,12.6
1639,Tuna,138,56,1.0,0.7,13.2
1640,Tuna cardona,138,56,1.0,0.7,13.2
1641,Tuna picada,150,62,1.1,0.8,14.4
1642,Tuna roja,138,56,1.0,0.7,13.2
1643,Uva,86,61,0.6,0.5,15.3
1644,Uva blanca,87,59,0.6,0.3,15.0
1645,Uva con semilla,86,57,0.5,0.3,14.7
1646,Uva pasa,19,57,0.5,0.1,15.0
1647,Uva roja,86,57,0.5,0.3,14.7
1648,Uva sin semilla,87,55,0.6,0.3,15.0
1649,Uva verde,87,55,0.6,0.3,15.0
1650,Uva verde sin semilla,87,55,0.6,0.3,15.0
1651,Xocoyol,225,56,0.5,0.2,14.9
1652,Zapote,51,68,1.1,0.3,17.1
1653,Zapote amarillo,62,49,0.7,0.3,12.4
1654,Zapote blanco,76,53,1.3,0.5,12.2
1655,Zapote borracho,45,63,0.6,0.4,16.3
1656,Zapote negro,93,52,0.7,0.1,13.5
1657,Zapote negro limpio,115,64,0.9,0.1,16.7
1658,Zarzamora,108,56,0.8,0.6,13.8
1659,Lacteo Fermentado sabor ciruela pasa (bebible),250,211,6,6.8,31.7
1660,Lacteo Fermentado sabor fresa (bebible),250,211,6,6.8,32.0
1661,Lacteo Fermentado sabor manzana (bebible),270,201,10,0.5,39.0
1662,Lacteo fermentado sabor natural (bebible),270,202,11,0.5,38.8
1663,Acti-Regularis sabor Fresa (sólido),200,206,6,6.4,30.9
1664,Acti-Regularis sabor Ciruela Pasa (solido),200,206,6,6.4,30.9
1665,Acti-Regularis sabor Fresa (sólido),200,188,7,6.4,25.5
1666,Chongos zamoranos,108,194,6,3.2,34.6
1667,Helado con leche,90,205,3,14.6,15.5
1668,Helado de café,91,195,3,10.0,25.5
1669,Helado de café bajo en calorías,91,183,5,7.0,27.0
1670,Helado de choco chip,84,215,4,14.0,17.5
1671,Helado de chocolate,99,214,4,11.0,27.9
1672,Helado de chocolate bajo en calorias,99,199,5,7.0,28.7
1673,Helado de fresa,99,190,3,8.3,27.3
1674,Helado de fresa bajo en calorías,123,200,6,5.7,31.2
1675,Helado de vainilla,99,199,3,10.9,23.4
1676,Helado de vainilla bajo en calorías,132,218,6,6.4,34.1
1677,Helado de yogur,158,201,5,5.7,34.2
1678,Helado de yogur de fresa,158,201,5,5.7,34.2
1679,Helado napolitano,102,205,4,11.2,24.1
1680,Helado napolitano bajo en calorías,119,192,6,5.2,31.1
1681,Leche con chocolate,240,200,8,8.2,24.9
1682,Leche con chocolate semidescremada 1%,240,182,7,4.6,29.1
1683,Leche con vainilla,218,207,6,6.6,31.0
1684,Leche descremada con chocolate,300,189,10,3.0,31.3
1685,Leche en polvo sabor fresa,56,187,13,0.0,32.0
1686,Leche fermentada con lactobacilo,250,180,8,4.0,35.8
1687,Leche fermentada con lactobacilo sabor naranja,250,185,7,3.8,40.0
1688,Leche fermentada con lactobacilo sabor natural,250,208,7,4.0,35.8
1689,Leche fermentada con lactobacilo sabor vainilla,233,205,6,3.5,37.3
1690,Leche malteada de chocolate,240,202,8,7.8,26.2
1691,Leche malteada sabor chocolate,180,214,5,4.9,38.1
1692,Leche malteada sabor fresa,182,204,7,5.5,32.4
1693,Leche malteada sabor vainilla,180,202,7,5.5,32.0
1694,Leche semidescremada sabor chocolate,240,182,7,4.6,29.1
1695,Malteada de chocolate,156,198,5,5.8,32.0
1696,Malteada de fresa,180,203,6,5.0,34.0
1697,Malteada de vainilla,130,192,4,8.4,25.4
1698,Queso Petit Suisse,225,203,9,3.4,36.0
1699,Yoghurt Activia de Ciruela Pasa,200,206,6,6.4,30.9
1700,Yoghurt bebible sabor durazno,330,224,8,2.3,40.9
1701,Yoghurt bebible sabor fresa,330,224,8,2.3,40.9
1702,Yoghurt bebible sabor pina colada,330,224,8,2.3,40.9
1703,Yoghurt de café,180,180,8,2.1,32.8
1704,Yoghurt de fruta,180,201,8,3.2,33.9
1705,Yoghurt de vainilla,180,201,8,3.2,33.9
1706,Yoghurt para beber sabor fruta,313,216,6,5.0,37.5
1707,Leche Alpura Light Extra,240,103,8.0,2.4,14.0
1708,Leche de soya,240,79,6.6,4.6,4.3
1709,Leche descremada,245,86,8.4,0.4,11.9
1710,Leche descremada con chocolate,240,77,5.8,1.0,12.5
1711,Leche descremada en polvo,30,109,10.8,0.2,15.6
1712,"Leche descremada en polvo, reducida en Ca",30,107,10.8,0.1,15.8
1713,Leche en polvo descremada,30,109,10.8,0.2,15.6
1714,Leche evaporada descremada,120,94,9.0,0.4,13.5
1715,Leche evaporada semidescremada,120,94,7.5,1.9,11.3
1716,Leche Light Extra,240,103,8.0,2.4,14.0
1717,Vitalinea natural bebible,250,90,7.8,0.0,14.8
1718,Vitalinea natural sólido,150,77,7.4,0.0,11.4
1719,Yoghurt bajo en grasa,75,83,2.7,0.8,16.0
1720,Yoghurt light,180,95,6.4,0.0,15.9
1721,Yoghurt light de fruta,180,95,5.3,0.0,16.9
1722,Yoghurt para beber con fruta bajo en calorías,250,80,5.5,0.0,14.0
1723,Leche,240,148,7.9,8.0,11.2
1724,Leche caliente,240,148,7.9,8.0,11.2
1725,Leche clavel,120,150,7.5,7.5,11.3
1726,Leche cruda,240,146,7.9,7.9,11.3
1727,Leche de burra,237,126,4.7,5.7,14.5
1728,Leche de cabra,240,165,8.6,9.9,10.7
1729,Leche de vaca,240,148,7.9,8.0,11.2
1730,Leche en polvo,32,159,8.4,8.5,12.3
1731,Leche entera,240,148,7.9,8.0,11.2
1732,Leche entera baja en sodio,240,147,7.5,8.3,10.7
1733,Leche entera en polvo,32,159,8.4,8.5,12.3
1734,Leche entera en polvo adicionada,32,159,8.4,8.5,12.3
1735,Leche entera evaporada,120,150,7.5,7.5,11.3
1736,Leche entera ultrapasteurizada,240,134,7.0,7.0,11.3
1737,Leche evaporada,120,150,7.5,7.5,11.3
1738,Leche fría,240,148,7.9,8.0,11.2
1739,Leche hervida,240,163,8.2,9.1,12.5
1740,Leche humana,240,170,2.3,10.8,16.3
1741,Leche Liconsa Te Nutre,32,159,8.4,8.5,12.3
1742,Leche materna,240,170,2.3,10.8,16.3
1743,Leche maternizada en polvo,26,132,3.5,7.0,14.3
1744,Leche omega verde,240,120,7.9,4.6,11.5
1745,Leche pasteurizada,240,146,7.9,7.9,11.3
1746,Leche preparada,240,141,6.5,5.9,8.5
1747,Yoghurt,227,139,7.9,7.4,10.6
1748,Yoghurt natural,227,139,7.9,7.4,10.6
1749,Leche evaporada semidescremada,130,101,8.1,2.0,12.2
1750,Leche semidescremada 1%,244,102,8.0,2.6,11.7
1751,Jocoque,180,113,9.4,2.9,12.6
1752,Jocoque ligero,180,113,9.4,2.9,12.6
1753,Jocoque seco,180,113,9.4,2.9,12.6
1754,Leche fácil digestión,240,109,7.5,3.9,11.2
1755,Leche Lactium MX,240,109,7.2,4.0,11.0
1756,Leche semidescremada,233,116,7.7,4.4,11.2
1757,Leche semidescremada 2%,234,116,7.8,4.5,11.2
1758,Alubia cocida (chica o grande),90,124,8.7,0.3,22.5
1759,Alubia cruda (chica o grande),35,117,8.1,0.3,21.1
1760,Alubia enlatada guisada,86,99,6.3,0.3,18.3
1761,Alubia germinada,380,125,18.2,2.3,17.9
1762,Alverjón o chícharo seco cocido,98,116,8.2,0.4,20.7
1763,Alverjón o chícharo seco crudo,35,119,8.6,0.4,21.1
1764,Chícharo germinado cocido,103,100,7.2,0.5,17.5
1765,Frijol germinado cocido,124,97,8.8,1.0,18.6
1766,Frijol germinado crudo,156,105,9.6,1.1,20.4
1767,Frijol molido,73,96,6.4,0.4,17.2
1768,Frijol promedio cocido,86,114,7.6,0.5,20.4
1769,Frijol promedio crudo,35,119,7.6,0.5,21.8
1770,Frijoles enteros enlatados,128,108,6.7,0.8,18.6
1771,"Frijoles refritos, caseros o enlatados",75,95,4.1,4.1,11.3
1772,Gandul,34,118,6.0,0.6,22.7
1773,Garbanzo cocido,82,135,7.3,2.1,22.5
1774,Garbanzo crudo,35,127,6.8,2.2,21.2
1775,Garbanzo enlatado,79,94,3.9,0.9,17.9
1776,Haba cocida,85,94,6.5,0.3,16.7
1777,Haba cruda,38,128,9.8,0.6,21.9
1778,Harina de frijol,33,110,7.4,0.7,19.4
1779,Harina de garbanzo,33,117,6.6,2.2,18.7
1780,Harina de haba,33,114,9.1,0.6,19.1
1781,Harina de lenteja,33,108,8.1,0.5,18.5
1782,Harina de soya,25,108,9.3,5.1,7.8
1783,Harina de soya baja en grasa,31,114,15.3,2.7,9.4
1784,Harina de soya sin grasa,28,101,14.0,1.8,9.9
1785,Ibes o haba de lima cocido,85,105,5.8,0.3,20.1
1786,Ibes o haba de lima crudo,90,102,6.2,0.8,18.2
1787,Lenteja cocida,99,115,9.0,0.4,20.0
1788,Lenteja cruda,35,124,9.0,0.4,21.0
1789,Miso de soya,69,142,8.2,4.2,19.3
1790,Proteína aislada de soya,15,51,12.1,0.5,1.1
1791,Proteína concentrada de soya,20,66,11.6,0.1,6.2
1792,Soya cocida,57,98,9.4,5.1,5.6
1793,Soya texturizada,35,111,13.5,1.0,13.6
1794,Achiote,4,10,0.5,0.1,2.1
1795,Agua,240,2,0.0,0,0.0
1796,Agua mineral,355,4,0.0,0,0.0
1797,Ajo en polvo,2,5,0.3,0,1.1
1798,Albahaca deshidratada,2,5,0.2,0,0.9
1799,Albahaca molida,2,5,0.2,0,0.9
1800,Alcaparras,17,4,0.4,0.1,0.8
1801,Alcaravea,1,4,0.2,0.2,0.5
1802,Anís,1,4,0.2,0.2,0.5
1803,Arúgula,12,3,0.3,0.1,0.4
1804,Aspartame,1,0,0.0,0,0.0
1805,Azafrán,1,3,0.1,0.1,0.7
1806,Café americano,240,5,0.3,0,0.9
1807,Café con azúcar,240,5,0.3,0,8.2
1808,Café de grano,56,4,11.2,0,0.0
1809,Café descafeinado,240,5,0.3,0,0.9
1810,Café descafeinado preparado,240,5,0.3,0,0.9
1811,Café en polvo,1,4,0.1,0,0.9
1812,Café en polvo descafeinado,2,4,0.2,0,0.7
1813,Café en polvo sabor moka,4,8,0.4,0,1.4
1814,Café express,440,10,0.5,0,1.7
1815,Café instantáneo,2,4,0.2,0,0.7
1816,Café instantáneo preparado,240,5,0.3,0,0.9
1817,"Café instantáneo, descafeinado",2,4,0.2,0,0.8
1818,Café molido,4,1,0.8,0,0.0
1819,Café ó té sin azúcar,240,3,0.0,0,0.5
1820,Café sin azúcar,240,5,0.3,0,0.9
1821,Caldo,120,9,1.4,0.3,0.1
1822,Caldo de carne,120,9,1.4,0.3,0.1
1823,Caldo de carne concentrado,62,8,1.5,0,0.5
1824,Caldo de pescado,120,9,1.4,0.3,0.1
1825,Caldo de pollo,120,9,1.3,0.4,0.4
1826,Caldo de pollo concentrado,50,12,0.8,0.8,0.8
1827,Caldo de pollo enlatado,50,12,0.8,0.8,0.8
1828,Caldo de res,120,9,1.4,0.3,0.1
1829,Caldo de res enlatado,82,10,2.0,0,0.7
1830,Canela,2,5,0.1,0.1,1.6
1831,Canela en polvo,2,5,0.1,0.1,1.6
1832,Canela en raja,2,5,0.1,0.1,1.6
1833,Canela molida,2,5,0.1,0.1,1.6
1834,Cardamomo,2,6,0.2,0.1,1.4
1835,Cardamomo molido,2,6,0.2,0.1,1.4
1836,Cascara de limón,10,5,0.2,0,1.7
1837,Cascara de naranja,4,4,0.1,0,1.0
1838,Cebolla deshidratada,1,4,0.0,0,0.8
1839,Cebolla en polvo,1,4,0.1,0,0.8
1840,Cebollín,15,5,0.5,0,0.5
1841,Cebollín deshidratado,12,0,0.0,0,0.0
1842,Cebollín fresco,15,5,0.5,0,0.5
1843,Cebollín liofilizado,2,5,0.5,0,1.3
1844,Chicle sin azúcar,3,10,0.0,0,2.0
1845,Chile cascabel,3,8,0.3,0.2,1.6
1846,Chile en polvo,1,4,0.2,0.1,0.8
1847,Chile piquín,1,4,0.2,0.1,0.8
1848,Chile piquín molido,2,5,0.2,0.3,0.8
1849,Chocolate para repostería sin azúcar,2,10,0.2,1.1,0.6
1850,Clavo,2,6,0.1,0.4,1.2
1851,Clavo de olor,2,6,0.1,0.4,1.2
1852,Clavo en polvo,2,6,0.1,0.4,1.2
1853,Clavo entero,2,6,0.1,0.4,1.2
1854,Clavo molido,2,6,0.1,0.4,1.2
1855,Clight,4,8,0.0,0,2.0
1856,Coca Cola de dieta,240,1,0.0,0,0.1
1857,Coca Cola Zero,240,1,0.0,0,0.0
1858,Coca light,240,1,0.0,0,0.1
1859,Cocacola de dieta,240,1,0.0,0,0.1
1860,Cocoa en polvo con aspartame,3,9,0.7,0.1,1.6
1861,Cocoa sin azúcar,2,7,0.4,0.2,0.9
1862,Cocoa sin azúcar Hershey,2,7,0.4,0.2,0.9
1863,Comino,2,7,0.4,0.4,0.9
1864,Comino entero,2,7,0.4,0.4,0.9
1865,Comino molido,1,6,0.2,0.2,0.4
1866,Concentrado de pollo,3,6,0.4,0.1,0.7
1867,Consomé,60,10,1.2,0.3,0.2
1868,Consomé de camarón en polvo,4,8,0.6,0.2,1.0
1869,Consomé de pescado,20,6,0.0,0.4,0.2
1870,Consomé de pollo,60,10,1.2,0.3,0.2
1871,Consomé de pollo bajo en grasa,60,5,0.3,0,0.8
1872,Consomé de pollo desgrasado en polvo,12,2,0.0,0.4,0.4
1873,Consomé de pollo en cubo,2,4,0.3,0.1,0.5
1874,Consomé de pollo en polvo,4,8,0.6,0.2.,1.0
1875,Consomé de res,120,9,1.4,0.3,0.1
1876,Consomé de res condensado,60,8,1.3,0.2,0.0
1877,Consomé de res en cubo,2,5,0.3,0.2,0.5
1878,Consomé de res en polvo,12,2,0.0,0.2,0.4
1879,Consomé de res enlatado,60,8,1.3,0.2,0.0
1880,Consomé en polvo,4,8,0.6,0.2,1.0
1881,Consomé sabor tomate,2,6,0.3,0,1.5
1882,Crémor tártaro,3,8,0.0,0,1.8
1883,Cubo consomé,6,12,0.8,0.2,1.4
1884,Curry,2,7,0.3,0.3,1.2
1885,Curry en polvo,2,7,0.3,0.3,1.2
1886,Decaf,2,4,0.2,0,0.7
1887,Diet coke,240,1,0.0,0,0.1
1888,Diet sprite,240,3,0.1,0,0.0
1889,Eneldo,8,3,0.3,0.1,0.5
1890,Eneldo deshidratado,1,3,0.2,0,0.6
1891,Eneldo en semilla,2,6,0.3,0.3,1.1
1892,Especias para sazonar aves,2,6,0.0,0.2,1.3
1893,Estragón,2,6,0.5,0.1,1.0
1894,Estragón molido,2,6,0.5,0.1,1.0
1895,Estragón seco,2,6,0.5,0.1,1.0
1896,Extracto de vainilla,5,8,0.0,0,0.4
1897,Flor de jamaica,1,1,0.0,0,0.2
1898,Gelatina de dieta,60,4,0.6,0,0.4
1899,Gelatina sin azúcar preparada,121,10,1.0,0,0.0
1900,Gengibre,6,4,0.1,0.1,0.9
1901,Gengibre en polvo,3,9,0.2,0.2,1.9
1902,Gengibre fresco,10,7,0.2,0.1,1.5
1903,Grenetina sin sabor,3,9,1.5,0,0.8
1904,Hierbabuena,10,4,0.2,0.2,0.7
1905,Hierbas de olor,2,5,0.1,0.2,1.4
1906,Hierbas finas,2,5,0.1,0.2,1.4
1907,Hierbas molidas,2,5,0.1,0.2-,1.4
1908,Hinojo,10,3,0.1,0,0.7
1909,Hoja de aguacate,3,1,0.1,0,0.1
1910,Hojas de laurel,1,3,0.1,0.1,0.7
1911,Jamaica,1,1,0.0,0,0.2
1912,Jengibre,6,4,0.1,0.1,0.9
1913,Jengibre fresco,6,4,0.1,0.1,0.9
1914,Jengibre molido,2,7,0.2,0.1,1.4
1915,Jengibre rallado,2,1,0.0,0,0.3
1916,Koll-Aid en polvo sin azúcar,1,5,0.0,0,0.0
1917,Laurel,2,6,0.2,0.2,1.4
1918,Laurel fresco,2,6,0.2,0.2,1.4
1919,Laurel troceado,2,6,0.2,0.2,1.4
1920,Levadura comprimida,9,9,0.7,0.2,1.6
1921,Levadura en polvo,2,5,0.7,0.1,0.7
1922,Levadura fresca,2,5,0.9,0,0.9
1923,Levadura seca,4,11,1.4,0.2,1.4
1924,Limón,34,10,0.3,0.1,3.6
1925,Limón agrio,9,2,0.1,0,0.9
1926,Limón sin semilla,11,2,0.1,0,1.2
1927,Manzanilla fresca,10,4,0.2,0.2,0.7
1928,Manzanilla seca,2,0,0.0,0,0.0
1929,Mejorana,1,3,0.1,0.1,0.6
1930,Menta,1,5,0.0,0,0.5
1931,Menta fresca,1,1,0.1,0,0.2
1932,Menta molida,2,6,0.2,0.2,1.2
1933,Monster Lo-Carb Energía,158,7,0.0,0,2.0
1934,Mostaza,5,5,0.3,0.3,0.3
1935,Mostaza Dijón,5,5,0.3,0.3,0.3
1936,Mostaza en polvo,3,9,0.5,0.6,0.3
1937,Nuez moscada,2,10,0.1,0.7,1.0
1938,Nuez moscada molida,2,10,0.1,0.7,1.0
1939,Nutra sweet,1,0,0.0,0,0.0
1940,Orange crush diet,178,10,0.0,0,2.5
1941,Orégano,2,6,0.2,0.2,1.3
1942,Orégano molido,2,5,0.2,0.2,1.0
1943,Orégano troceado,2,6,0.2,0.2,1.3
1944,Paprika,2,6,0.3,0.3,1.1
1945,Pepsi de dieta,355,4,0.0,0,0.0
1946,Pepsi Max,355,4,0.0,0,0.0
1947,Perejil deshidratado,3,9,0.6,0,1.5
1948,Pimentón,2,6,0.3,0.3,1.1
1949,Pimienta,2,5,0.2,0.1,1.3
1950,Pimienta blanca,2,6,0.2,0,1.4
1951,Pimienta blanca en polvo,2,6,0.2,0,1.4
1952,Pimienta blanca entera,4,9,0.4,0.2,2.3
1953,Pimienta blanca molida,2,6,0.2,0,1.4
1954,Pimienta de cayena,2,6,0.2,0.3,1.1
1955,Pimienta de tabasco,2,6,0.2,0.3,1.1
1956,Pimienta gorda,4,9,0.4,0.2,2.3
1957,Pimienta molida,2,5,0.2,0.1,1.3
1958,Pimienta negra,2,5,0.2,0.1,1.3
1959,Pimienta negra en polvo,2,5,0.2,0.1,1.3
1960,Pimienta negra entera,4,9,0.4,0.2,2.3
1961,Pimienta negra molida,2,5,0.2,0.1,1.3
1962,Pimienta roja,2,6,0.2,0.3,1.1
1963,Pimienta verde,2,6,0.2,0,1.4
1964,Raíz de jengibre,2,1,0.0,0,0.3
1965,Raíz fuerte,5,3,0.1,0,0.7
1966,Raja de canela,2,6,0.1,0.1,1.8
1967,Ralladura de limón,10,5,0.2,0,1.7
1968,Ralladura de naranja,10,10,0.2,0,2.5
1969,Red Bull sugar free *,125,6,0.3,0.1,0.9
1970,Refresco de dieta,355,1,0.0,0,0.1
1971,Refresco en polvo sin azúcar,1,5,0.0,0,0.0
1972,Romero,3,11,0.2,0.5,2.0
1973,Romero deshidratado,2,7,0.1,0.3,1.3
1974,Romero picado,2,6,0.1,0.3,1.1
1975,Sal,6,0,0.0,0,0.0
1976,Sal de ajo,5,4,0.0,0,0.8
1977,Sal de apio,5,4,0.0,0,0.8
1978,Sal de potasio,5,0,0.0,0,0.0
1979,Salsa de barbecue,8,6,0.1,0.1,1.0
1980,Salsa de soya,5,3,0.4,0,0.3
1981,Salsa inglesa,8,8,1.0,0.5,3.8
1982,Salsa Tabasco,6,1,0.0,0,0.1
1983,Salsa teriyaki,5,5,0.3,0,0.8
1984,Salvia,1,3,0.1,0.1,0.6
1985,Semilla de anís,2,7,0.4,0.3,1.0
1986,Semilla de apio,2,8,0.4,0.5,0.8
1987,Semilla de cardamomo,2,6,0.2,0.1,1.4
1988,Semilla de cilantro,2,6,0.2,0.4,1.1
1989,Semilla de eneldo,2,6,0.3,0.3,1.1
1990,Semilla de mostaza,2,7,0.4,0.5,0.5
1991,Sidral de dieta,355,1,0.0,0,0.1
1992,Sidral light,355,1,0.0,0,0.1
1993,Squirt de dieta,355,1,0.0,0,0.1
1994,Squirt light,355,1,0.0,0,0.1
1995,Tomillo,2,7,0.2,0.2,1.3
1996,Vainilla,5,8,0.0,0,0.4
1997,Vainilla en trozo,3,6,0.1,0.1,2.0
1998,Vinagre,5,1,0.0,0,0.3
1999,Vinagre balsámico,5,1,0.0,0,0.3
2000,Vinagre blanco,5,1,0.0,0,0.3
2001,Vinagre de caña,5,1,0.0,0,0.3
2002,Vinagre de fruta,5,1,0.0,0,0.3
2003,Vinagre de jerez,5,1,0.0,0,0.3
2004,Vinagre de manzana,5,1,0.0,0,0.3
2005,Vinagre de sidra,5,1,0.0,0,0.3
2006,Vinagre de vino,5,1,0.0,0,0.3
2007,Vinagre de yema,5,1,0.0,0,0.3
2008,Acelga cruda,98,22,2.2,0.1,4.3
2009,Acelga picada cocida,72,19,1.9,0.1,3.9
2010,Alcachofa mediana cocida,48,25,1.4,0.2,5.7
2011,Apio cocido,113,20,0.9,0.2,4.5
2012,Apio crudo,135,22,0.9,0.2,4.0
2013,Berenjena picada cocida,74,26,0.6,0.2,6.5
2014,Berro crudo,28,17,0.6,0.0,0.4
2015,Betabel crudo,39,19,0.8,0.1,4.3
2016,Betabel crudo rallado,38,18,0.8,0.1,4.1
2017,Bledos crudos,95,27,2.4,0.3,3.8
2018,Brócoli cocido,92,26,2.7,0.4,4.6
2019,Brócoli crudo,71,19,2.1,0.3,3.7
2020,Calabacita alargada cruda,91,21,1.6,0.1,3.4
2021,Calabacita redonda cruda,79,18,1.4,0.1,2.9
2022,Calabaza de Castilla cocida,110,22,0.8,0.1,5.4
2023,Cebolla blanca rebanada,58,23,0.6,0.1,5.4
2024,Cebolla cocida,53,23,0.7,0.1,5.3
2025,Cebolla morada rebanada,58,20,0.5,0.1,4.4
2026,Cebollita de cambray sin raíz,72,23,1.3,0.1,5.3
2027,Cebollitas en salmuera,95,24,0.9,0.2,6.7
2028,Champiñón cocido entero,78,20,2.8,0.3,3.2
2029,Champiñón cocido rebanado,210,55,7.5,0.7,8.5
2030,Champiñón crudo entero,93,20,2.9,0.3,3.1
2031,Champiñón crudo rebanado,105,23,3.2,0.4,3.4
2032,Chayote cocido picado,80,19,0.5,0.4,4.1
2033,Chayote crudo,100,19,0.8,0.1,4.5
2034,Chepil crudo,41,26,2.8,0.2,3.0
2035,Chícharo cocido sin vaina,32,27,1.7,0.1,4.9
2036,Chícharo crudo con vaina,28,22,1.5,0.1,4.0
2037,Chícharo en vaina cocido,53,21,1.7,0.1,3.4
2038,Chicoria cruda,120,24,1.4,0.2,4.1
2039,Chilacas crudas,76,24,1.1,0.2,5.5
2040,Chilacayote crudo,135,19,1.6,0.3,3.6
2041,Chile chilaca,50,20,0.8,0.2,3.7
2042,Chile chipotle seco,7,25,1.0,0.5,4.2
2043,Chile costeño,54,17,0.9,0.1,3.9
2044,Chile cristalino,54,20,0.9,0.1,3.9
2045,Chile cuaresmeño,50,16,0.8,0.2,3.7
2046,Chile de árbol seco,7,21,0.9,0.4,4.3
2047,Chile habanero,67,25,1.5,0.5,3.6
2048,Chile jalapeño,78,23,1.1,0.5,4.6
2049,Chile poblano,43,20,1.1,0.3,4.4
2050,Chiles secos,7,23,0.8,0.7,4.3
2051,Cilantro picado crudo,105,24,2.2,0.5,3.9
2052,Clavito (hongo) crudo,71,28,4.3,0.4,3.8
2053,Col cocida picada,75,17,1.0,0.0,4.1
2054,Col cruda picada,84,20,1.0,0.2,4.5
2055,Col morada cruda picada,56,17,0.8,0.1,4.1
2056,Colecita de Bruselas cocida,63,23,1.6,0.3,4.5
2057,Coliflor cocida,94,21,1.7,0.4,3.9
2058,Coliflor cruda,80,20,1.6,0.1,4.2
2059,Coliflor verde cocida,68,22,2.1,0.2,4.2
2060,Coliflor verde cruda,68,21,2.0,0.2,4.2
2061,Colinabo crudo,66,22,1.1,0.1,4.1
2062,Corazón de alcachofa crudo,25,16,0.6,0.0,4.1
2063,Corazón de lechuga crudo,124,12,1.2,0.0,4.4
2064,Corazón de palmito crudo,99,27,2.4,0.6,4.5
2065,Cresón cocido,101,23,1.9,0.6,3.9
2066,Cresón limpio crudo,75,24,2.1,0.6,4.2
2067,Crucetas crudas,117,21,1.3,0.2,4.3
2068,Cuitlacoche cocido,66,20,0.8,0.1,4.1
2069,Echalot,34,25,0.9,0.0,5.8
2070,Ejotes cocidos picados,63,22,1.2,0.2,4.9
2071,Elotitos de cambray,64,26,2.1,0.0,4.3
2072,Endivia cruda,129,22,1.6,0.3,4.3
2073,Espárragos crudos,90,22,2.3,0.3,3.8
2074,Espinaca cocida,90,21,2.7,0.2,3.4
2075,Espinaca cruda picada,120,28,3.4,0.4,4.4
2076,Flor de calabaza cocida,134,20,1.4,0.2,4.4
2077,Flor de calabaza cruda picada,132,20,1.2,0.0,4.4
2078,Flor de colorín cocida,40,24,1.8,0.1,4.0
2079,Flor de colorín cruda,40,24,1.8,0.1,4.0
2080,Flor de garambullo cruda,50,19,0.4,0.1,4.1
2081,Flor de maguey cruda,60,21,0.5,0.1,4.4
2082,Flor de Yuca cruda,75,29,2.0,0.3,4.5
2083,Germen de alfalfa crudo,99,23,4.0,0.7,2.1
2084,Germen de lenteja crudo,19,20,1.7,0.1,4.3
2085,Germen de soya cocido,31,25,2.7,1.4,2.1
2086,Granos de elote crudos,21,18,0.7,0.2,4.0
2087,Hojas de chicoria crudas,130,26,1.6,0.3,4.4
2088,Hojas de cliente de león,45,24,1.2,0.3,4.1
2089,Hojas de pata ele paloma,25,20,0.8,0.4,4.2
2090,Hongo portobello crudo,81,21,2.0,0.2,4.1
2091,Hongo shiitake deshidratado,5,16,0.5,0.1,4.1
2092,Hongos crudos,95,26,3.0,0.4,4.2
2093,Huauzontle,40,24,1.8,0.3,4.8
2094,Huitlacoche cocido,66,20,0.8,0.1,4.1
2095,Ibes frescos,17,22,1.7,0.0,3.6
2096,Jícama picada,60,23,0.4,0.1,5.3
2097,Jitomate,113,20,1.0,0.2,4.4
2098,Jitomate bola,108,19,1.0,0.2,4.2
2099,Jitomate cereza,95,17,0.8,0.2,3.7
2100,Jitomate deshidratado,10,23,1.5,0.5,4.3
2101,Jitomate guaje o saladet,124,22,1.1,0.2,4.8
2102,Jitomate verde,92,21,1.1,0.2,4.7
2103,Jitomatillo (miltomate),60,21,0.9,0.1,4.3
2104,Jugo de tomate,122,21,0.9,0.1,5.1
2105,Jugo de verduras,121,23,0.8,0.1,5.5
2106,Jugo de zanahoria,59,24,0.6,0.1,5.5
2107,Lechuga,135,23,1.7,0.4,4.5
2108,Lengua de vaca,99,27,2.0,0.7,3.2
2109,Lenteja germinada cocida,19,19,1.7,0.1,4.1
2110,Malva,85,34,4.1,0.5,3.3
2111,Morillas deshidratadas,10,27,3.2,0.4,4.4
2112,Morillas frescas,94,25,3.0,0.4,4.1
2113,Nabo cocido,99,22,0.7,0.1,5.0
2114,Nopal cocido,149,22,2.0,0.1,4.9
2115,Nopal crudo,134,22,1.8,0.1,4.5
2116,Nopal crudo de cambray,100,27,1.7,0.3,2.9
2117,Papaloquelite crudo,108,24,1.9,0.3,3.1
2118,Papilla de verduras mixtas,43,19,0.5,0.0,4.1
2119,Pepinillos crudos,80,23,1.1,1.0,3.3
2120,Pepinillos dulces,15,20,0.1,0.1,5.3
2121,Pepino con cáscara rebanado,130,20,0.8,0.1,4.7
2122,Perejil crudo picado,60,22,1.8,0.5,3.8
2123,Pimiento amarillo crudo chico,64,17,0.7,0.1,4.0
2124,Pimiento cocido,68,19,0.6,0.1,4.6
2125,Pimiento fresco,60,17,0.5,0.1,3.8
2126,Pimiento rojo crudo chico,64,17,0.7,0.1,4.0
2127,Pimiento verde crudo chico,64,17,0.7,0.1,4.0
2128,Poro crudo,32,21,0.5,0.1,4.5
2129,Puré de tomate enlatado,63,24,1.0,0.1,5.6
2130,Quelite crudo,66,26,3.1,0.3,2.6
2131,Rábano crudo rebanado,131,21,0.9,0.1,4.4
2132,Romeritos crudos,72,26,2.6,0.1,3.5
2133,Salsa de chile,115,28,1.2,0.2,5.2
2134,Salsifí,23,18,0.3,0.0,4.0
2135,Semilla de guaje verde,29,28,2.5,0.2,4.0
2136,Setas cocidas,78,21,2.5,0.3,3.4
2137,Setas crudas,85,23,2.7,0.3,3.7
2138,Tomate verde,86,21,0.9,0.2,3.9
2139,Tomatitos (tamiles),65,26,2.3,0.1,4.1
2140,Verdolaga cocida,115,21,1.7,0.2,4.1
2141,Verdolaga cruda limpia,120,19,1.6,0.1,4.1
2142,Xoconostle,71,18,0.1,0.3,3.7
2143,Yemitas (hongo) crudas,120,20,3.6,1.3,4.8
2144,Yerbamora cruda,41,21,2.0,0.3,3.6
2145,Zanahoria miniatura cruda,45,16,0.3,0.1,3.7
2146,Zanahoria picada cruda,64,26,0.6,0.2,4.3
2147,Zanahoria rallada cruda,55,23,0.5,0.1,4.1
